date,shift,exhaust_no,time,HT_motor_current,rfc,suction,air_flow,Inlet_temperature,Outlet_temperature
2026-04-20,A,EX1,06:00,268,251,0.00 ,20019,200,132
2026-04-20,A,EX1,07:00,278,252,0.00 ,19993,200,135
2026-04-20,A,EX1,08:00,267,252,0.00 ,19993,200,136
2026-04-20,A,EX1,09:00,272,251,0.00 ,19993,200,118
2026-04-20,A,EX1,10:00,268,252,0.00 ,20044,200,129
2026-04-20,A,EX1,11:00,237,252,0.00 ,20070,200,139
2026-04-20,A,EX1,12:00,235,252,0.00 ,19993,200,140
2026-04-20,A,EX1,13:00,252,252,0.00 ,20070,200,147
2026-04-20,A,EX1,13:30,260,252,0.00 ,20044,200,139
2026-04-20,A,EX2,06:00,270,280,1160,20070,138,129
2026-04-20,A,EX2,07:00,278,280,1072,20044,146,134
2026-04-20,A,EX2,08:00,275,280,1184,20070,137,129
2026-04-20,A,EX2,09:00,275,280,1188,20070,118,115
2026-04-20,A,EX2,10:00,267,280,1044,20044,138,128
2026-04-20,A,EX2,11:00,241,280,852,19993,152,139
2026-04-20,A,EX2,12:00,240,280,975,19635,147,135
2026-04-20,A,EX2,13:00,260,280,1132,20044,154,142
2026-04-20,A,EX2,13:30,265,280,1184,20044,145,135
2026-04-20,B,EX1,14:20,213,251,0.00 ,20070,200,125
2026-04-20,B,EX1,15:00,253,251,0.00 ,19993,200,133
2026-04-20,B,EX1,16:00,240,251,0.00 ,19968,200,118
2026-04-20,B,EX1,17:00,261,251,0.00 ,19968,200,112
2026-04-20,B,EX1,18:00,250,251,0.00 ,20070,200,114
2026-04-20,B,EX1,19:00,256,251,0.00 ,20070,200,110
2026-04-20,B,EX1,20:00,250,251,0.00 ,20044,200,110
2026-04-20,B,EX1,21:00,263,252,0.00 ,20070,200,127
2026-04-20,B,EX1,21:30,266,252,0.00 ,20044,200,125
2026-04-20,B,EX2,14:20,254,280,932,19968,135,126
2026-04-20,B,EX2,15:00,252,280,1072,20070,141,130
2026-04-20,B,EX2,16:00,246,280,954,18436,121,116
2026-04-20,B,EX2,17:00,260,280,1040,18790,115,112
2026-04-20,B,EX2,18:00,252,280,1048,17740,109,108
2026-04-20,B,EX2,19:00,253,252,1024,17817,109,108
2026-04-20,B,EX2,20:00,252,252,916,18841,119,113
2026-04-20,B,EX2,21:00,261,252,1072,19737,130,121
2026-04-20,B,EX2,21:30,263,252,1080,19788,126,120
2026-04-20,C,EX1,22:20,249,252,0.00 ,19968,200,122
2026-04-20,C,EX1,23:00,270,252,0.00 ,19968,200,119
2026-04-20,C,EX1,24:00,272,252,0.00 ,19968,200,141
2026-04-20,C,EX1,01:00,276,252,0.00 ,20070,200,123
2026-04-20,C,EX1,02:00,275,252,0.00 ,20019,200,118
2026-04-20,C,EX1,03:00,275,252,0.00 ,20019,200,134
2026-04-20,C,EX1,04:00,270,252,0.00 ,20044,200,140
2026-04-20,C,EX1,05:00,274,251,0.00 ,20044,200,143
2026-04-20,C,EX1,05:30,274,252,0.00 ,20014,200,138
2026-04-20,C,EX2,22:20,249,252,924,19379,123,118
2026-04-20,C,EX2,23:00,270,252,1024,19968,124,117
2026-04-20,C,EX2,24:00,250,252,1000,20044,149,137
2026-04-20,C,EX2,01:00,260,252,1020,19507,127,120
2026-04-20,C,EX2,02:00,260,252,940,19763,125,117
2026-04-20,C,EX2,03:00,260,252,988,19993,138,124
2026-04-20,C,EX2,04:00,260,252,484,19998,150,137
2026-04-20,C,EX2,05:00,260,252,1040,20070,148,137
2026-04-20,C,EX2,05:30,260,252,1080,19998,137,128
2026-04-21,A,EX1,06:05,268,251,0.00 ,20019,200,137
2026-04-21,A,EX1,07:00,259,251,0.00 ,20044,200,143
2026-04-21,A,EX1,08:00,262,252,0.00 ,20044,200,136
2026-04-21,A,EX1,09:00,270,251,0.00 ,20070,200,106
2026-04-21,A,EX1,10:00,266,251,0.00 ,20044,200,127
2026-04-21,A,EX1,11:00,278,251,0.00 ,20070,200,134
2026-04-21,A,EX1,12:00,200,252,0.00 ,19993,200,137
2026-04-21,A,EX1,13:00,277,252,0.00 ,20070,200,120
2026-04-21,A,EX1,13:30,275,252,0.00 ,20019,200,113
2026-04-21,A,EX2,06:07,255,252,996,20044,147,135
2026-04-21,A,EX2,07:00,252,252,1000,20019,153,140
2026-04-21,A,EX2,08:00,268,252,1208,20070,131,126
2026-04-21,A,EX2,09:00,276,252,1060,20044,108,105
2026-04-21,A,EX2,10:00,275,252,1126,20044,133,125
2026-04-21,A,EX2,11:00,280,252,886,19968,134,127
2026-04-21,A,EX2,12:00,205,252,287,15360,143,135
2026-04-21,A,EX2,13:00,278,252,763,20018,121,117
2026-04-21,A,EX2,13:30,278,252,1064,20070,111,110
2026-04-21,B,EX1,14:20,260,251,0.00 ,20044,200,130
2026-04-21,B,EX1,15:00,250,251,0.00 ,20044,200,147
2026-04-21,B,EX1,16:00,258,251,0.00 ,20044,200,138
2026-04-21,B,EX1,17:00,264,252,0.00 ,20044,200,125
2026-04-21,B,EX1,18:00,244,252,0.00 ,20070,200,107
2026-04-21,B,EX1,19:00,248,252,0.00 ,20019,200,112
2026-04-21,B,EX1,20:00,258,251,0.00 ,19993,200,101
2026-04-21,B,EX1,21:00,251,251,0.00 ,20070,200,111
2026-04-21,B,EX1,21:30,250,251,0.00 ,20044,200,113
2026-04-21,B,EX2,14:20,262,252,1084,19993,135,127
2026-04-21,B,EX2,15:00,256,252,1060,19968,151,140
2026-04-21,B,EX2,16:00,267,252,986,20019,136,128
2026-04-21,B,EX2,17:00,270,252,1172,20019,120,116
2026-04-21,B,EX2,18:00,262,252,880,19865,104,103
2026-04-21,B,EX2,19:00,255,252,1000,18227,108,107
2026-04-21,B,EX2,20:00,262,252,984,18636,97,99
2026-04-21,B,EX2,21:00,254,252,1000,17587,111,109
2026-04-21,B,EX2,21:30,250,252,1008,17971,112,110
2026-04-21,C,EX1,22:20,275,251,0.00 ,20019,200,107
2026-04-21,C,EX1,23:00,273,251,0.00 ,20019,200,107
2026-04-21,C,EX1,24:00,275,252,0.00 ,20070,200,111
2026-04-21,C,EX1,01:00,275,252,0.00 ,19993,200,115
2026-04-21,C,EX1,02:00,275,252,0.00 ,19968,200,115
2026-04-21,C,EX1,03:00,277,252,0.00 ,20044,200,120
2026-04-21,C,EX1,04:00,275,252,0.00 ,20070,200,128
2026-04-21,C,EX1,05:00,275,252,0.00 ,20044,200,133
2026-04-21,C,EX1,05:30,275,251,0.00 ,20044,200,117
2026-04-21,C,EX2,22:20,255,252,1064,17842,102,103
2026-04-21,C,EX2,23:00,255,252,1048,19124,105,104
2026-04-21,C,EX2,24:00,255,252,1048,18124,111,109
2026-04-21,C,EX2,01:00,256,252,1032,18201,113,110
2026-04-21,C,EX2,02:00,255,252,1012,18432,114,111
2026-04-21,C,EX2,03:00,256,252,1064,18944,118,114
2026-04-21,C,EX2,04:00,257,252,1064,19558,127,121
2026-04-21,C,EX2,05:00,253,252,852,19993,126,120
2026-04-21,C,EX2,05:30,255,252,1056,18790,111,110
2026-04-22,A,EX1,06:10,274,252,0.00 ,19968,200,119
2026-04-22,A,EX1,07:00,250,252,0.00 ,20019,200,114
2026-04-22,A,EX1,08:00,248,252,0.00 ,20044,200,115
2026-04-22,A,EX1,09:00,276,252,0.00 ,19993,200,112
2026-04-22,A,EX1,10:00,250,252,0.00 ,19993,200,115
2026-04-22,A,EX1,11:00,250,252,0.00 ,20019,200,120
2026-04-22,A,EX1,12:00,258,252,0.00 ,20019,200,113
2026-04-22,A,EX1,13:00,256,252,0.00 ,20019,200,111
2026-04-22,A,EX1,13:30,258,251,0.00 ,20070,200,111
2026-04-22,A,EX2,06:10,255,252,1080,18688,120,115
2026-04-22,A,EX2,07:00,275,252,1096,20070,113,110
2026-04-22,A,EX2,08:00,273,252,1136,19788,108,106
2026-04-22,A,EX2,09:00,278,252,1116,20070,110,108
2026-04-22,A,EX2,10:00,270,252,1102,20044,116,112
2026-04-22,A,EX2,11:00,270,252,1122,19891,120,116
2026-04-22,A,EX2,12:00,265,252,1100,18969,110,109
2026-04-22,A,EX2,13:00,265,252,1090,18864,109,108
2026-04-22,A,EX2,13:30,266,252,1084,19148,110,108
2026-04-22,B,EX1,14:20,257,251,0.00 ,20070,200,129
2026-04-22,B,EX1,15:00,260,251,0.00 ,20019,200,136
2026-04-22,B,EX1,16:00,266,251,0.00 ,19993,200,133
2026-04-22,B,EX1,17:00,263,252,0.00 ,20019,200,123
2026-04-22,B,EX1,18:00,277,252,0.00 ,19993,200,117
2026-04-22,B,EX1,19:00,250,251,0.00 ,20019,200,129
2026-04-22,B,EX1,20:00,275,251,0.00 ,20019,200,124
2026-04-22,B,EX1,21:00,263,251,0.00 ,20070,200,128
2026-04-22,B,EX1,21:30,271,251,0.00 ,20044,200,125
2026-04-22,B,EX2,14:20,255,252,1060,20070,133,125
2026-04-22,B,EX2,15:00,254,252,1000,20019,143,133
2026-04-22,B,EX2,16:00,265,252,1080,20070,133,126
2026-04-22,B,EX2,17:00,262,252,1120,19940,130,123
2026-04-22,B,EX2,18:00,270,252,1024,20040,116,112
2026-04-22,B,EX2,19:00,257,252,932,20019,136,127
2026-04-22,B,EX2,20:00,271,252,1016,20070,120,116
2026-04-22,B,EX2,21:00,260,252,1016,20019,129,123
2026-04-22,B,EX2,21:30,268,252,1040,19993,126,120
2026-04-22,C,EX1,22:20,254,251,0.00 ,20044,200,124
2026-04-22,C,EX1,23:00,270,252,0.00 ,19993,200,111
2026-04-22,C,EX1,24:00,270,250,0.00 ,20070,200,136
2026-04-22,C,EX1,01:00,270,251,0.00 ,20070,200,119
2026-04-22,C,EX1,02:00,276,252,0.00 ,20019,200,116
2026-04-22,C,EX1,03:00,274,252,0.00 ,20020,200,136
2026-04-22,C,EX1,04:00,275,252,0.00 ,20019,200,136
2026-04-22,C,EX1,05:00,274,252,0.00 ,19968,200,124
2026-04-22,C,EX1,05:30,274,252,0.00 ,20044,200,138
2026-04-22,C,EX2,22:20,262,252,1064,19916,121,117
2026-04-22,C,EX2,23:00,273,252,868,20019,112,108
2026-04-22,C,EX2,24:00,274,252,1152,20044,139,130
2026-04-22,C,EX2,01:00,274,252,1152,20070,113,111
2026-04-22,C,EX2,02:00,275,252,1096,20019,120,114
2026-04-22,C,EX2,03:00,275,252,1040,20070,144,133
2026-04-22,C,EX2,04:00,276,252,1128,20019,141,132
2026-04-22,C,EX2,05:00,275,252,960,20070,136,125
2026-04-22,C,EX2,05:30,274,252,924,20070,150,136
2026-04-23,A,EX1,06:20,272,252,0.00 ,20019,200,132
2026-04-23,A,EX1,07:00,265,252,0.00 ,20070,200,125
2026-04-23,A,EX1,08:00,280,252,0.00 ,20044,200,146
2026-04-23,A,EX1,09:00,280,251,0.00 ,20070,200,134
2026-04-23,A,EX1,10:00,272,251,0.00 ,19968,200,133
2026-04-23,A,EX1,11:00,275,252,0.00 ,19993,200,123
2026-04-23,A,EX1,12:00,277,252,0.00 ,20044,200,129
2026-04-23,A,EX1,13:00,269,251,0.00 ,19993,200,135
2026-04-23,A,EX1,13:30,265,251,0.00 ,20070,200,136
2026-04-23,A,EX2,06:20,273,252,1096,20070,133,126
2026-04-23,A,EX2,07:00,275,252,1072,20070,127,120
2026-04-23,A,EX2,08:00,280,252,986,20070,148,139
2026-04-23,A,EX2,09:00,278,252,1030,20019,141,131
2026-04-23,A,EX2,10:00,274,252,1156,19993,138,129
2026-04-23,A,EX2,11:00,274,252,1112,20044,124,119
2026-04-23,A,EX2,12:00,275,252,1116,19693,133,125
2026-04-23,A,EX2,13:00,277,252,1140,20070,139,131
2026-04-23,A,EX2,13:30,271,252,1128,19968,142,132
2026-04-23,B,EX1,14:20,255,252,0.00 ,20019,200,145
2026-04-23,B,EX1,15:00,250,252,0.00 ,20044,200,160
2026-04-23,B,EX1,16:00,263,251,0.00 ,20044,200,165
2026-04-23,B,EX1,17:00,260,251,0.00 ,20044,200,140
2026-04-23,B,EX1,18:00,273,251,0.00 ,20019,200,117
2026-04-23,B,EX1,19:00,267,251,0.00 ,20070,200,123
2026-04-23,B,EX1,20:00,266,252,0.00 ,19968,200,122
2026-04-23,B,EX1,21:00,267,252,0.00 ,19968,200,123
2026-04-23,B,EX1,21:30,270,251,0.00 ,20044,200,123
2026-04-23,B,EX2,14:20,262,252,980,20070,164,148
2026-04-23,B,EX2,15:00,256,252,950,20070,181,181
2026-04-23,B,EX2,16:00,266,252,860,20019,174,157
2026-04-23,B,EX2,17:00,255,252,956,20019,149,138
2026-04-23,B,EX2,18:00,268,251,1096,20019,117,113
2026-04-23,B,EX2,19:00,270,252,1080,20044,126,119
2026-04-23,B,EX2,20:00,664,252,1048,20019,124,118
2026-04-23,B,EX2,21:00,266,252,1040,20070,125,117
2026-04-23,B,EX2,21:30,269,252,1032,20044,126,120
2026-04-23,C,EX1,22:20,253,252,0.00 ,20070,200,147
2026-04-23,C,EX1,23:00,273,252,0.00 ,20044,200,123
2026-04-23,C,EX1,24:00,270,252,0.00 ,19968,200,117
2026-04-23,C,EX1,01:00,270,252,0.00 ,19968,200,121
2026-04-23,C,EX1,02:00,269,252,0.00 ,19968,200,128
2026-04-23,C,EX1,03:00,270,252,0.00 ,19968,200,120
2026-04-23,C,EX1,04:00,271,252,0.00 ,20019,200,123
2026-04-23,C,EX1,05:00,270,252,0.00 ,20044,200,153
2026-04-23,C,EX1,05:30,270,252,0.00 ,20044,200,154
2026-04-23,C,EX2,22:20,254,252,840,19968,157,143
2026-04-23,C,EX2,23:00,275,252,1080,20044,123,118
2026-04-23,C,EX2,24:00,273,252,1064,19968,119,114
2026-04-23,C,EX2,01:00,270,252,1012,19968,124,118
2026-04-23,C,EX2,02:00,270,252,1024,20044,132,124
2026-04-23,C,EX2,03:00,271,252,1048,19968,124,117
2026-04-23,C,EX2,04:00,269,252,1056,20070,126,120
2026-04-23,C,EX2,05:00,271,252,980,20019,170,152
2026-04-23,C,EX2,05:30,270,252,1040,20019,137,129
2026-04-24,A,EX1,06:00,272,251,0.00 ,19993,200,129
2026-04-24,A,EX1,07:00,278,251,0.00 ,19993,200,129
2026-04-24,A,EX1,08:00,278,252,0.00 ,19993,200,138
2026-04-24,A,EX1,09:00,278,251,0.00 ,19993,200,149
2026-04-24,A,EX1,10:00,275,252,0.00 ,19993,200,140
2026-04-24,A,EX1,11:00,273,252,0.00 ,19968,200,144
2026-04-24,A,EX1,12:00,272,251,0.00 ,19993,200,148
2026-04-24,A,EX1,13:00,266,252,0.00 ,20070,200,135
2026-04-24,A,EX1,13:30,267,252,0.00 ,20070,200,132
2026-04-24,A,EX2,06:00,275,252,1088,20044,130,122
2026-04-24,A,EX2,07:00,280,252,1096,20019,135,126
2026-04-24,A,EX2,08:00,280,252,1032,20070,139,129
2026-04-24,A,EX2,09:00,270,252,1004,20070,160,145
2026-04-24,A,EX2,10:00,280,252,1088,20070,144,134
2026-04-24,A,EX2,11:00,271,252,968,19968,159,143
2026-04-24,A,EX2,12:00,272,252,1012,20019,158,144
2026-04-24,A,EX2,13:00,280,252,1096,20019,136,129
2026-04-24,A,EX2,13:30,280,252,1108,20019,136,128
2026-04-24,B,EX1,14:20,262,251,0.00 ,20044,200,136
2026-04-24,B,EX1,15:00,200,251,0.00 ,20044,200,130
2026-04-24,B,EX1,16:00,165,252,0.00 ,20019,200,137
2026-04-24,B,EX1,17:00,266,252,0.00 ,20070,200,104
2026-04-24,B,EX1,18:00,271,252,0.00 ,19968,200,141
2026-04-24,B,EX1,19:00,270,252,0.00 ,20070,200,139
2026-04-24,B,EX1,20:00,267,251,0.00 ,20070,200,139
2026-04-24,B,EX1,21:00,270,251,0.00 ,20070,200,122
2026-04-24,B,EX1,21:30,268,251,0.00 ,19968,200,130
2026-04-24,B,EX2,14:20,272,252,1160,20044,136,129
2026-04-24,B,EX2,15:00,200,252,208,20019,135,130
2026-04-24,B,EX2,16:00,168,252,290,8998,140,137
2026-04-24,B,EX2,17:00,272,252,958,19788,98,99
2026-04-24,B,EX2,18:00,272,252,980,20070,147,135
2026-04-24,B,EX2,19:00,270,252,968,20019,149,136
2026-04-24,B,EX2,20:00,270,252,1096,20070,141,132
2026-04-24,B,EX2,21:00,272,252,1048,20019,129,121
2026-04-24,B,EX2,21:30,270,252,1024,20044,137,127
2026-04-24,C,EX1,22:20,265,252,0.00 ,20070,200,128
2026-04-24,C,EX1,23:00,265,252,0.00 ,19968,200,135
2026-04-24,C,EX1,24:00,266,252,0.00 ,19968,200,125
2026-04-24,C,EX1,01:00,275,252,0.00 ,20070,200,143
2026-04-24,C,EX1,02:00,275,252,0.00 ,20044,200,136
2026-04-24,C,EX1,03:00,276,252,0.00 ,20070,200,129
2026-04-24,C,EX1,04:00,277,252,0.00 ,20044,200,129
2026-04-24,C,EX1,05:00,275,252,0.00 ,19993,200,122
2026-04-24,C,EX1,05:30,275,252,0.00 ,19968,200,123
2026-04-24,C,EX2,22:20,270,252,1029,19993,129,122
2026-04-24,C,EX2,23:00,270,252,1816,20044,143,132
2026-04-24,C,EX2,24:00,272,252,1032,20019,129,121
2026-04-24,C,EX2,01:00,275,252,1124,20044,150,138
2026-04-24,C,EX2,02:00,275,252,1088,19968,142,131
2026-04-24,C,EX2,03:00,276,252,1088,20019,138,128
2026-04-24,C,EX2,04:00,277,252,1184,20044,127,120
2026-04-24,C,EX2,05:00,275,252,1128,20070,127,119
2026-04-24,C,EX2,05:30,275,252,1120,20070,127,120
2026-04-25,A,EX1,06:02,272,251,0.00 ,20044,200,130
2026-04-25,A,EX1,07:00,272,251,0.00 ,19968,200,137
2026-04-25,A,EX1,08:00,258,251,0.00 ,20070,200,160
2026-04-25,A,EX1,09:00,278,251,0.00 ,20070,200,128
2026-04-25,A,EX1,10:00,278,251,0.00 ,20070,200,125
2026-04-25,A,EX1,11:00,265,251,0.00 ,20019,200,128
2026-04-25,A,EX1,12:00,269,251,0.00 ,20019,200,139
2026-04-25,A,EX1,13:00,268,251,0.00 ,20070,200,144
2026-04-25,A,EX1,13:30,275,251,0.00 ,20070,200,144
2026-04-25,A,EX2,06:02,275,252,1128,19993,135,126
2026-04-25,A,EX2,07:00,277,252,1136,20070,135,127
2026-04-25,A,EX2,08:00,277,252,960,19968,177,158
2026-04-25,A,EX2,09:00,278,252,1168,20070,125,120
2026-04-25,A,EX2,10:00,278,252,1112,20070,129,121
2026-04-25,A,EX2,11:00,272,252,1104,20070,130,123
2026-04-25,A,EX2,12:00,275,252,1109,20070,146,135
2026-04-25,A,EX2,13:00,275,252,1008,20070,156,142
2026-04-25,A,EX2,13:30,275,252,1005,20044,154,140
2026-04-25,B,EX1,14:20,258,251,0.00 ,20044,200,143
2026-04-25,B,EX1,15:00,259,251,0.00 ,20070,200,147
2026-04-25,B,EX1,16:00,266,251,0.00 ,19993,200,152
2026-04-25,B,EX1,17:00,267,251,0.00 ,20044,200,135
2026-04-25,B,EX1,18:00,264,252,0.00 ,20044,200,136
2026-04-25,B,EX1,19:00,268,251,0.00 ,20044,200,115
2026-04-25,B,EX1,20:00,249,251,0.00 ,20019,200,136
2026-04-25,B,EX1,21:00,247,251,0.00 ,19968,200,143
2026-04-25,B,EX1,21:30,248,251,0.00 ,19968,200,141
2026-04-25,B,EX2,14:20,270,252,1076,19968,153,140
2026-04-25,B,EX2,15:00,265,252,1036,20044,159,145
2026-04-25,B,EX2,16:00,273,252,984,20019,148,138
2026-04-25,B,EX2,17:00,270,252,1088,20019,132,126
2026-04-25,B,EX2,18:00,271,252,988,20019,145,134
2026-04-25,B,EX2,19:00,277,252,1064,20019,116,111
2026-04-25,B,EX2,20:00,275,252,1080,19993,149,136
2026-04-25,B,EX2,21:00,276,252,1024,20019,154,141
2026-04-25,B,EX2,21:30,277,252,1064,19993,144,134
2026-04-25,C,EX1,22:20,250,252,0.00 ,20044,200,139
2026-04-25,C,EX1,23:00,255,252,0.00 ,19993,200,141
2026-04-25,C,EX1,24:00,250,252,0.00 ,19968,200,145
2026-04-25,C,EX1,01:00,265,252,0.00 ,20070,200,140
2026-04-25,C,EX1,02:00,220,252,0.00 ,19993,200,157
2026-04-25,C,EX1,03:00,205,252,0.00 ,19993,200,119
2026-04-25,C,EX1,04:00,174,252,0.00 ,0.00 ,200,104
2026-04-25,C,EX1,05:00,207,252,0.00 ,0.00 ,200,89
2026-04-25,C,EX1,05:30,173,252,0.00 ,0.00 ,200,91
2026-04-25,C,EX2,22:20,270,252,1004,20070,149,136
2026-04-25,C,EX2,23:00,272,252,1104,20070,146,135
2026-04-25,C,EX2,24:00,260,252,980,20019,167,150
2026-04-25,C,EX2,01:00,275,252,1088,20019,144,134
2026-04-25,C,EX2,02:00,235,252,684,20044,183,160
2026-04-25,C,EX2,03:00,173,252,111,9459,111,116
2026-04-25,C,EX2,04:00,182,252,197,9446,92,102
2026-04-25,C,EX2,05:00,205,252,220,12275,78,88
2026-04-25,C,EX2,05:30,169,252,95,7347,75,92
2026-04-26,A,EX1,06:20,173,251,0.00 ,0.00 ,200,88
2026-04-26,A,EX1,07:00,176,251,0.00 ,0.00 ,200,88
2026-04-26,A,EX1,08:00,173,251,0.00 ,0.00 ,200,91
2026-04-26,A,EX1,09:00,174,251,0.00 ,0.00 ,200,90
2026-04-26,A,EX1,10:00,176,251,0.00 ,0.00 ,200,88
2026-04-26,A,EX1,11:00,175,251,0.00 ,0.00 ,200,85
2026-04-26,A,EX1,12:00,177,251,0.00 ,0.00 ,200,84
2026-04-26,A,EX1,13:00,272,251,0.00 ,20019,200,76
2026-04-26,A,EX1,13:30,275,251,0.00 ,20070,200,77
2026-04-26,A,EX2,06:20,169,252,98,7481,71,89
2026-04-26,A,EX2,07:00,174,252,97,7372,71,89
2026-04-26,A,EX2,08:00,172,252,91,7449,76,92
2026-04-26,A,EX2,09:00,171,252,90,7296,73,90
2026-04-26,A,EX2,10:00,171,252,89,7215,70,89
2026-04-26,A,EX2,11:00,172,252,89,7411,67,86
2026-04-26,A,EX2,12:00,174,252,92,7488,65,85
2026-04-26,A,EX2,13:00,275,252,654,18944,67,75
2026-04-26,A,EX2,13:30,278,252,752,18611,69,76
2026-04-26,B,EX1,14:20,270,252,0.00 ,20044,200,99
2026-04-26,B,EX1,15:00,270,252,0.00 ,20044,200,122
2026-04-26,B,EX1,16:00,260,252,0.00 ,19993,200,126
2026-04-26,B,EX1,17:00,260,251,0.00 ,20044,200,103
2026-04-26,B,EX1,18:00,209,251,0.00 ,20044,200,128
2026-04-26,B,EX1,19:00,265,251,0.00 ,20044,200,119
2026-04-26,B,EX1,20:00,270,251,0.00 ,20044,200,120
2026-04-26,B,EX1,21:00,265,251,0.00 ,19993,200,131
2026-04-26,B,EX1,21:30,265,251,0.00 ,20019,200,136
2026-04-26,B,EX2,14:20,270,252,1116,19148,101,101
2026-04-26,B,EX2,15:00,270,252,1036,20044,141,130
2026-04-26,B,EX2,16:00,275,252,1152,20019,123,118
2026-04-26,B,EX2,17:00,275,252,1072,19635,97,98
2026-04-26,B,EX2,18:00,211,252,524,17715,151,136
2026-04-26,B,EX2,19:00,275,252,1088,20070,112,109
2026-04-26,B,EX2,20:00,276,252,1056,19993,126,119
2026-04-26,B,EX2,21:00,275,252,1048,19968,139,128
2026-04-26,B,EX2,21:30,276,252,1096,20044,145,133
2026-04-26,C,EX1,22:05,259,251,0.00 ,20019,200,128
2026-04-26,C,EX1,23:00,265,251,0.00 ,20070,200,141
2026-04-26,C,EX1,24:00,260,252,0.00 ,20070,200,146
2026-04-26,C,EX1,01:00,255,251,0.00 ,20019,200,165
2026-04-26,C,EX1,02:00,256,251,0.00 ,20070,200,200
2026-04-26,C,EX1,03:00,,,,,,
2026-04-26,C,EX1,04:00,,,,,,
2026-04-26,C,EX1,05:00,,,,,,
2026-04-26,C,EX1,05:30,,,,,,
2026-04-26,C,EX2,22:05,270,252,1072,20044,135,126
2026-04-26,C,EX2,23:00,270,252,964,20044,151,137
2026-04-26,C,EX2,24:00,271,252,1020,20070,154,140
2026-04-26,C,EX2,01:00,270,251,1032,20019,163,148
2026-04-26,C,EX2,02:00,255,252,920,20019,181,161
2026-04-26,C,EX2,03:00,258,252,1040,19968,171,154
2026-04-26,C,EX2,04:00,265,252,608,20070,164,146
2026-04-26,C,EX2,05:00,278,276,696,20070,152,137
2026-04-26,C,EX2,05:30,277,276,708,20019,153,137
2026-04-27,A,EX1,06:20,250,252,0.00 ,20044,200,130
2026-04-27,A,EX1,07:00,238,252,0.00 ,20044,200,147
2026-04-27,A,EX1,08:00,218,251,0.00 ,19993,200,144
2026-04-27,A,EX1,09:00,225,252,0.00 ,20019,200,125
2026-04-27,A,EX1,10:00,231,251,0.00 ,20019,200,132
2026-04-27,A,EX1,11:00,253,252,0.00 ,20024,200,121
2026-04-27,A,EX1,12:00,246,252,0.00 ,19993,200,129
2026-04-27,A,EX1,13:00,246,251,0.00 ,20044,200,139
2026-04-27,A,EX1,13:30,242,251,0.00 ,20019,200,147
2026-04-27,A,EX2,06:20,252,253,848,20019,150,136
2026-04-27,A,EX2,07:00,234,253,800,20070,166,148
2026-04-27,A,EX2,08:00,255,253,952,20044,150,136
2026-04-27,A,EX2,09:00,261,252,952,20019,133,123
2026-04-27,A,EX2,10:00,272,253,684,20019,123,118
2026-04-27,A,EX2,11:00,250,253,892,19660,140,125
2026-04-27,A,EX2,12:00,244,252,892,20070,145,132
2026-04-27,A,EX2,13:00,248,253,860,20019,141,131
2026-04-27,A,EX2,13:30,242,252,902,20019,156,142
2026-04-27,B,EX1,14:20,260,252,0.00 ,20070,200,119
2026-04-27,B,EX1,15:00,260,252,0.00 ,20070,200,125
2026-04-27,B,EX1,16:00,258,252,0.00 ,20019,200,142
2026-04-27,B,EX1,17:00,261,252,0.00 ,20019,200,126
2026-04-27,B,EX1,18:00,260,251,0.00 ,20019,200,131
2026-04-27,B,EX1,19:00,260,251,0.00 ,20070,200,145
2026-04-27,B,EX1,20:00,262,251,0.00 ,20070,200,146
2026-04-27,B,EX1,21:00,260,251,0.00 ,20070,200,142
2026-04-27,B,EX1,21:30,260,251,0.00 ,20070,200,144
2026-04-27,B,EX2,14:20,260,253,912,19725,127,119
2026-04-27,B,EX2,15:00,260,252,920,19737,130,122
2026-04-27,B,EX2,16:00,257,252,772,20044,153,139
2026-04-27,B,EX2,17:00,276,252,1104,20044,131,123
2026-04-27,B,EX2,18:00,275,252,1048,20044,142,130
2026-04-27,B,EX2,19:00,276,252,1048,20019,151,139
2026-04-27,B,EX2,20:00,277,252,1012,19993,148,137
2026-04-27,B,EX2,21:00,274,252,988,19993,148,136
2026-04-27,B,EX2,21:30,275,252,976,20070,167,151
2026-04-27,C,EX1,22:20,250,252,0.00 ,19993,200,155
2026-04-27,C,EX1,23:00,273,252,0.00 ,20044,200,140
2026-04-27,C,EX1,24:00,270,252,0.00 ,19668,200,142
2026-04-27,C,EX1,01:00,265,251,0.00 ,19993,200,145
2026-04-27,C,EX1,02:00,265,251,0.00 ,20070,200,144
2026-04-27,C,EX1,03:00,269,251,0.00 ,19993,200,141
2026-04-27,C,EX1,04:00,265,252,0.00 ,20070,200,148
2026-04-27,C,EX1,05:00,275,251,0.00 ,20044,200,144
2026-04-27,C,EX1,05:30,275,251,0.00 ,20070,200,144
2026-04-27,C,EX2,22:20,270,252,1016,20070,162,147
2026-04-27,C,EX2,23:00,277,253,848,20044,145,134
2026-04-27,C,EX2,24:00,279,252,1048,19968,148,136
2026-04-27,C,EX2,01:00,277,253,1064,19993,148,136
2026-04-27,C,EX2,02:00,275,253,1072,19993,148,136
2026-04-27,C,EX2,03:00,278,253,1064,19993,147,135
2026-04-27,C,EX2,04:00,270,253,1072,20044,157,143
2026-04-27,C,EX2,05:00,278,252,1080,20019,150,138
2026-04-27,C,EX2,05:30,278,252,1080,20019,151,138
2026-04-28,A,EX1,06:20,265,251,0.00 ,19993,200,150
2026-04-28,A,EX1,07:00,262,251,0.00 ,19968,200,153
2026-04-28,A,EX1,08:00,266,251,0.00 ,20019,200,135
2026-04-28,A,EX1,09:00,270,251,0.00 ,20019,200,125
2026-04-28,A,EX1,10:00,265,251,0.00 ,20044,200,132
2026-04-28,A,EX1,11:00,268,251,0.00 ,20019,200,139
2026-04-28,A,EX1,12:00,264,251,0.00 ,20070,200,148
2026-04-28,A,EX1,13:00,264,251,0.00 ,20019,200,140
2026-04-28,A,EX1,13:30,262,251,0.00 ,19993,200,141
2026-04-28,A,EX2,06:20,274,252,980,20070,157,143
2026-04-28,A,EX2,07:00,275,252,972,20019,168,151
2026-04-28,A,EX2,08:00,278,252,1040,20019,140,130
2026-04-28,A,EX2,09:00,277,252,1056,20019,127,119
2026-04-28,A,EX2,10:00,278,252,972,20019,140,128
2026-04-28,A,EX2,11:00,277,252,1032,19993,145,134
2026-04-28,A,EX2,12:00,275,252,1040,19968,157,144
2026-04-28,A,EX2,13:00,276,252,1030,20070,147,136
2026-04-28,A,EX2,13:30,278,252,1024,20019,154,140
2026-04-28,B,EX1,14:20,260,252,0.00 ,20070,200,140
2026-04-28,B,EX1,15:00,265,252,0.00 ,20070,200,135
2026-04-28,B,EX1,16:00,260,252,0.00 ,20019,200,159
2026-04-28,B,EX1,17:00,255,252,0.00 ,20019,200,148
2026-04-28,B,EX1,18:00,260,252,0.00 ,19968,200,130
2026-04-28,B,EX1,19:00,210,252,0.00 ,20044,200,135
2026-04-28,B,EX1,20:00,260,252,0.00 ,20044,200,137
2026-04-28,B,EX1,21:00,262,252,0.00 ,20044,200,118
2026-04-28,B,EX1,21:30,260,252,0.00 ,20019,200,120
2026-04-28,B,EX2,14:20,276,252,1064,20070,134,127
2026-04-28,B,EX2,15:00,275,252,1010,20070,145,133
2026-04-28,B,EX2,16:00,278,252,1038,20070,171,154
2026-04-28,B,EX2,17:00,277,252,1048,20019,151,139
2026-04-28,B,EX2,18:00,277,252,1048,20019,131,123
2026-04-28,B,EX2,19:00,218,252,556,15961,145,133
2026-04-28,B,EX2,20:00,275,252,1064,20019,131,124
2026-04-28,B,EX2,21:00,275,252,984,20070,119,113
2026-04-28,B,EX2,21:30,275,252,1024,20070,128,119
2026-04-28,C,EX1,22:00,256,251,0.00 ,19668,200,125
2026-04-28,C,EX1,23:00,266,251,0.00 ,20070,200,133
2026-04-28,C,EX1,24:00,270,251,0.00 ,20044,200,137
2026-04-28,C,EX1,01:00,269,252,0.00 ,20070,200,142
2026-04-28,C,EX1,02:00,257,251,0.00 ,19993,200,156
2026-04-28,C,EX1,03:00,258,251,0.00 ,19993,200,188
2026-04-28,C,EX1,04:00,257,251,0.00 ,20044,200,138
2026-04-28,C,EX1,05:00,252,251,0.00 ,20070,200,164
2026-04-28,C,EX1,05:30,261,251,0.00 ,20070,200,163
2026-04-28,C,EX2,22:00,271,253,1032,20044,128,120
2026-04-28,C,EX2,23:00,270,253,936,19968,145,132
2026-04-28,C,EX2,24:00,272,252,1004,19968,143,132
2026-04-28,C,EX2,01:00,277,252,1040,19993,150,137
2026-04-28,C,EX2,02:00,279,253,1020,19993,171,153
2026-04-28,C,EX2,03:00,279,252,1024,19968,144,133
2026-04-28,C,EX2,04:00,278,252,1024,20070,148,135
2026-04-28,C,EX2,05:00,271,253,832,20019,182,161
2026-04-28,C,EX2,05:30,276,253,888,20044,174,156
2026-04-29,A,EX1,06:20,260,251,0.00 ,20070,200,145
2026-04-29,A,EX1,07:00,258,251,0.00 ,20044,200,145
2026-04-29,A,EX1,08:00,264,251,0.00 ,20019,200,140
2026-04-29,A,EX1,09:00,257,251,0.00 ,20044,200,144
2026-04-29,A,EX1,10:00,260,251,0.00 ,20070,200,123
2026-04-29,A,EX1,11:00,246,251,0.00 ,20019,200,129
2026-04-29,A,EX1,12:00,249,251,0.00 ,19968,200,127
2026-04-29,A,EX1,13:00,255,251,0.00 ,20019,200,115
2026-04-29,A,EX1,13:30,258,251,0.00 ,20044,200,111
2026-04-29,A,EX2,06:20,279,252,1056,19993,149,137
2026-04-29,A,EX2,07:00,276,252,1072,20044,154,141
2026-04-29,A,EX2,08:00,278,252,1064,19993,141,132
2026-04-29,A,EX2,09:00,277,252,944,20044,160,144
2026-04-29,A,EX2,10:00,276,252,1164,20019,120,115
2026-04-29,A,EX2,11:00,252,252,888,19072,129,121
2026-04-29,A,EX2,12:00,254,252,905,18764,130,122
2026-04-29,A,EX2,13:00,260,252,980,18176,113,110
2026-04-29,A,EX2,13:30,260,253,970,20019,110,107
2026-04-29,B,EX1,14:20,240,251,0.00 ,19993,200,126
2026-04-29,B,EX1,15:00,200,251,0.00 ,19968,200,131
2026-04-29,B,EX1,16:00,260,251,0.00 ,20019,200,131
2026-04-29,B,EX1,17:00,260,251,0.00 ,20044,200,135
2026-04-29,B,EX1,18:00,260,252,0.00 ,20070,200,142
2026-04-29,B,EX1,19:00,265,251,0.00 ,20044,200,129
2026-04-29,B,EX1,20:00,260,251,0.00 ,19993,200,129
2026-04-29,B,EX1,21:00,262,251,0.00 ,19963,200,139
2026-04-29,B,EX1,21:30,260,251,0.00 ,19963,200,135
2026-04-29,B,EX2,14:20,250,252,861,19584,130,122
2026-04-29,B,EX2,15:00,200,253,408,15142,139,131
2026-04-29,B,EX2,16:00,275,253,1012,19993,126,120
2026-04-29,B,EX2,17:00,272,253,956,20070,149,135
2026-04-29,B,EX2,18:00,274,253,1088,20019,148,136
2026-04-29,B,EX2,19:00,275,253,1088,20019,128,121
2026-04-29,B,EX2,20:00,275,253,1016,19963,138,127
2026-04-29,B,EX2,21:00,278,253,1093,19968,139,134
2026-04-29,B,EX2,21:30,275,253,1112,19993,136,127
2026-04-29,C,EX1,22:10,255,251,0.00 ,20044,200,129
2026-04-29,C,EX1,23:00,265,252,0.00 ,20019,200,121
2026-04-29,C,EX1,24:00,272,251,0.00 ,20019,200,128
2026-04-29,C,EX1,01:00,267,251,0.00 ,20070,200,136
2026-04-29,C,EX1,02:00,266,251,0.00 ,20019,200,136
2026-04-29,C,EX1,03:00,262,252,0.00 ,19968,200,151
2026-04-29,C,EX1,04:00,265,252,0.00 ,20070,200,144
2026-04-29,C,EX1,05:00,265,252,0.00 ,20044,200,125
2026-04-29,C,EX1,05:30,260,252,0.00 ,20070,200,129
2026-04-29,C,EX2,22:00,265,253,1064,19737,138,128
2026-04-29,C,EX2,23:00,276,253,1128,19763,116,112
2026-04-29,C,EX2,24:00,277,253,1148,19993,130,121
2026-04-29,C,EX2,01:00,278,252,1156,19968,141,130
2026-04-29,C,EX2,02:00,278,253,1072,20019,135,125
2026-04-29,C,EX2,03:00,276,252,1004,20019,162,146
2026-04-29,C,EX2,04:00,278,252,1080,20070,152,139
2026-04-29,C,EX2,05:00,275,252,1056,20019,127,120
2026-04-29,C,EX2,05:30,270,252,1032,19968,129,124
2026-04-30,A,EX1,06:20,254,251,0.00 ,20019,200,128
2026-04-30,A,EX1,07:00,262,251,0.00 ,19968,200,122
2026-04-30,A,EX1,08:00,272,252,0.00 ,20044,200,119
2026-04-30,A,EX1,09:00,274,251,0.00 ,20044,200,118
2026-04-30,A,EX1,10:00,260,251,0.00 ,19968,200,131
2026-04-30,A,EX1,11:00,248,252,0.00 ,20044,200,145
2026-04-30,A,EX1,12:00,258,251,0.00 ,20044,200,127
2026-04-30,A,EX1,13:00,250,251,0.00 ,19968,200,136
2026-04-30,A,EX1,13:30,250,252,0.00 ,20044,200,143
2026-04-30,A,EX2,06:20,268,252,1112,19456,122,117
2026-04-30,A,EX2,07:00,275,252,1056,19968,129,120
2026-04-30,A,EX2,08:00,272,253,1056,19712,123,116
2026-04-30,A,EX2,09:00,276,252,1020,20070,113,109
2026-04-30,A,EX2,10:00,278,252,1004,20019,153,136
2026-04-30,A,EX2,11:00,267,253,1048,20044,148,137
2026-04-30,A,EX2,12:00,264,252,1002,19840,142,130
2026-04-30,A,EX2,13:00,272,252,1014,19993,154,138
2026-04-30,A,EX2,13:30,270,252,1060,20019,154,140
2026-04-30,B,EX1,14:15,254,251,0.00 ,20019,200,124
2026-04-30,B,EX1,15:00,260,251,0.00 ,19993,200,116
2026-04-30,B,EX1,16:00,207,251,0.00 ,10726,200,111
2026-04-30,B,EX1,17:00,260,251,0.00 ,20019,200,112
2026-04-30,B,EX1,18:00,260,251,0.00 ,20019,200,125
2026-04-30,B,EX1,19:00,258,251,0.00 ,20019,200,120
2026-04-30,B,EX1,20:00,278,251,0.00 ,20019,200,113
2026-04-30,B,EX1,21:00,277,251,0.00 ,20044,200,116
2026-04-30,B,EX1,21:30,275,251,0.00 ,20044,200,120
2026-04-30,B,EX2,14:15,270,252,1128,19968,124,119
2026-04-30,B,EX2,15:00,277,252,1092,20019,118,113
2026-04-30,B,EX2,16:00,207,252,448,13785,44,114
2026-04-30,B,EX2,17:00,276,252,1064,20044,73,108
2026-04-30,B,EX2,18:00,275,252,1056,20070,102,122
2026-04-30,B,EX2,19:00,276,252,1072,20019,106,119
2026-04-30,B,EX2,20:00,280,252,748,19968,102,107
2026-04-30,B,EX2,21:00,277,252,1064,20044,120,116
2026-04-30,B,EX2,21:30,279,252,1032,20070,120,116
2026-04-30,C,EX1,22:10,272,252,0.00 ,20070,200,124
2026-04-30,C,EX1,23:00,268,251,0.00 ,19968,200,133
2026-04-30,C,EX1,24:00,276,251,0.00 ,20019,200,123
2026-04-30,C,EX1,01:00,273,251,0.00 ,20044,200,128
2026-04-30,C,EX1,02:00,268,252,0.00 ,19993,200,131
2026-04-30,C,EX1,03:00,265,251,0.00 ,19993,200,133
2026-04-30,C,EX1,04:00,265,251,0.00 ,19993,200,135
2026-04-30,C,EX1,05:00,266,251,0.00 ,19968,200,134
2026-04-30,C,EX1,05:30,265,252,0.00 ,19968,200,138
2026-04-30,C,EX2,22:05,277,253,1112,19993,122,117
2026-04-30,C,EX2,23:00,271,253,988,20019,988,133
2026-04-30,C,EX2,24:00,278,253,1088,20044,1088,123
2026-04-30,C,EX2,01:00,279,253,1104,19993,1104,122
2026-04-30,C,EX2,02:00,270,252,1032,19993,1032,129
2026-04-30,C,EX2,03:00,275,253,1088,19993,1088,122
2026-04-30,C,EX2,04:00,275,253,1072,20070,1072,131
2026-04-30,C,EX2,05:00,275,253,1064,20070,1064,132
2026-04-30,C,EX2,05:30,271,252,1088,20070,1088,133
2026-05-01,A,EX1,06:20,263,251,0.00 ,19993,200,137
2026-05-01,A,EX1,07:00,268,251,0.00 ,20070,200,125
2026-05-01,A,EX1,08:00,266,251,0.00 ,19968,200,119
2026-05-01,A,EX1,09:00,260,251,0.00 ,19968,200,116
2026-05-01,A,EX1,10:00,242,251,0.00 ,20044,200,139
2026-05-01,A,EX1,11:00,253,251,0.00 ,20070,200,145
2026-05-01,A,EX1,12:00,254,251,0.00 ,20019,200,142
2026-05-01,A,EX1,13:00,253,251,0.00 ,20044,200,132
2026-05-01,A,EX1,13:30,248,251,0.00 ,19993,200,134
2026-05-01,A,EX2,06:20,274,252,1088,19993,141,131
2026-05-01,A,EX2,07:00,260,253,1088,19330,125,119
2026-05-01,A,EX2,08:00,275,253,1056,20019,118,113
2026-05-01,A,EX2,09:00,276,252,1040,20019,112,108
2026-05-01,A,EX2,10:00,266,253,1052,20070,137,129
2026-05-01,A,EX2,11:00,260,253,1064,20044,152,139
2026-05-01,A,EX2,12:00,265,252,1020,20019,154,140
2026-05-01,A,EX2,13:00,264,253,1052,20044,135,127
2026-05-01,A,EX2,13:30,256,252,886,19993,145,132
2026-05-01,B,EX1,14:20,261,251,0.00 ,20019,200,124
2026-05-01,B,EX1,15:00,260,251,0.00 ,19968,200,121
2026-05-01,B,EX1,16:00,260,251,0.00 ,19968,200,123
2026-05-01,B,EX1,17:00,279,251,0.00 ,19993,200,132
2026-05-01,B,EX1,18:00,277,251,0.00 ,19993,200,133
2026-05-01,B,EX1,19:00,275,251,0.00 ,19993,200,134
2026-05-01,B,EX1,20:00,276,251,0.00 ,19993,200,123
2026-05-01,B,EX1,21:00,277,251,0.00 ,19968,200,139
2026-05-01,B,EX1,21:30,276,251,0.00 ,19993,200,131
2026-05-01,B,EX2,14:20,275,253,1048,19968,130,122
2026-05-01,B,EX2,15:00,276,252,1036,20070,124,117
2026-05-01,B,EX2,16:00,278,252,1100,20044,114,111
2026-05-01,B,EX2,17:00,275,253,1072,20019,133,125
2026-05-01,B,EX2,18:00,279,253,1080,20070,136,127
2026-05-01,B,EX2,19:00,278,253,1096,20044,136,127
2026-05-01,B,EX2,20:00,278,253,1024,20019,132,122
2026-05-01,B,EX2,21:00,280,252,1112,20044,132,126
2026-05-01,B,EX2,21:30,279,253,1088,20019,124,118
2026-05-01,C,EX1,22:00,205,252,0.00 ,20070,200,135
2026-05-01,C,EX1,23:00,263,251,0.00 ,20019,200,128
2026-05-01,C,EX1,24:00,260,251,0.00 ,20044,200,142
2026-05-01,C,EX1,01:00,261,252,0.00 ,19993,200,139
2026-05-01,C,EX1,02:00,263,252,0.00 ,20044,200,135
2026-05-01,C,EX1,03:00,263,251,0.00 ,19993,200,136
2026-05-01,C,EX1,04:00,275,252,0.00 ,20070,200,117
2026-05-01,C,EX1,05:00,263,252,0.00 ,20070,200,108
2026-05-01,C,EX1,05:30,260,251,0.00 ,20070,200,130
2026-05-01,C,EX2,22:13,275,252,1032,19993,151,138
2026-05-01,C,EX2,23:00,275,253,1096,20019,130,123
2026-05-01,C,EX2,24:00,277,253,1020,19993,154,143
2026-05-01,C,EX2,01:00,274,253,1080,20019,147,134
2026-05-01,C,EX2,02:00,276,253,1072,20070,143,132
2026-05-01,C,EX2,03:00,271,253,936,19993,147,134
2026-05-01,C,EX2,04:00,270,253,1064,20019,120,114
2026-05-01,C,EX2,05:00,276,253,1104,19780,106,104
2026-05-01,C,EX2,05:30,275,253,964,20019,139,128
2026-05-02,A,EX1,06:20,261,251,0.00 ,19993,200,111
2026-05-02,A,EX1,07:00,250,251,0.00 ,19968,200,113
2026-05-02,A,EX1,08:00,250,251,0.00 ,20070,200,105
2026-05-02,A,EX1,09:00,262,251,0.00 ,20070,200,103
2026-05-02,A,EX1,10:00,242,251,0.00 ,20019,200,134
2026-05-02,A,EX1,11:00,266,251,0.00 ,20044,200,112
2026-05-02,A,EX1,12:00,250,251,0.00 ,20070,200,117
2026-05-02,A,EX1,13:00,242,251,0.00 ,19993,200,132
2026-05-02,A,EX1,13:30,265,251,0.00 ,20019,200,124
2026-05-02,A,EX2,06:20,278,252,1056,19788,101,101
2026-05-02,A,EX2,07:00,271,253,1000,18669,115,110
2026-05-02,A,EX2,08:00,275,253,1072,18457,101,100
2026-05-02,A,EX2,09:00,276,252,1024,18816,99,99
2026-05-02,A,EX2,10:00,250,253,774,19896,146,132
2026-05-02,A,EX2,11:00,272,253,1048,18380,106,105
2026-05-02,A,EX2,12:00,256,253,934,19072,125,117
2026-05-02,A,EX2,13:00,255,253,960,19276,128,123
2026-05-02,A,EX2,13:30,265,253,998,19430,122,116
2026-05-02,B,EX1,14:20,270,251,0.00 ,20070,200,128
2026-05-02,B,EX1,15:00,274,251,0.00 ,20044,200,125
2026-05-02,B,EX1,16:00,201,252,0.00 ,13696,200,109
2026-05-02,B,EX1,17:00,272,252,0.00 ,20044,200,98
2026-05-02,B,EX1,18:00,240,252,0.00 ,19993,200,115
2026-05-02,B,EX1,19:00,272,252,0.00 ,19993,200,118
2026-05-02,B,EX1,20:00,276,252,0.00 ,20070,200,112
2026-05-02,B,EX1,21:00,275,252,0.00 ,20070,200,117
2026-05-02,B,EX1,21:30,275,252,0.00 ,19225,200,115
2026-05-02,B,EX2,14:20,278,252,1092,20070,124,118
2026-05-02,B,EX2,15:00,278,252,912,20044,126,120
2026-05-02,B,EX2,16:00,298,252,242,14246,106,107
2026-05-02,B,EX2,17:00,276,252,1104,18354,98,98
2026-05-02,B,EX2,18:00,274,252,1016,20019,139,128
2026-05-02,B,EX2,19:00,273,252,1096,19225,117,112
2026-05-02,B,EX2,20:00,275,252,1048,19020,111,107
2026-05-02,B,EX2,21:00,275,252,1088,19251,113,109
2026-05-02,B,EX2,21:30,275,252,1104,18918,116,111
2026-05-02,C,EX1,22:10,265,251,0.00 ,19993,200,120
2026-05-02,C,EX1,23:00,260,252,0.00 ,20044,200,124
2026-05-02,C,EX1,24:00,270,252,0.00 ,20044,200,124
2026-05-02,C,EX1,01:00,268,252,0.00 ,19993,200,139
2026-05-02,C,EX1,02:00,264,252,0.00 ,19993,200,140
2026-05-02,C,EX1,03:00,262,252,0.00 ,19993,200,139
2026-05-02,C,EX1,04:00,260,251,0.00 ,20019,200,138
2026-05-02,C,EX1,05:00,270,251,0.00 ,20019,200,134
2026-05-02,C,EX1,05:30,268,251,0.00 ,20044,200,135
2026-05-02,C,EX2,22:10,265,252,1080,19072,115,111
2026-05-02,C,EX2,23:00,262,252,1056,19200,123,118
2026-05-02,C,EX2,24:00,270,252,1024,19968,131,122
2026-05-02,C,EX2,01:00,270,252,1040,20019,147,135
2026-05-02,C,EX2,02:00,264,253,1040,20044,147,135
2026-05-02,C,EX2,03:00,262,253,1048,20070,146,134
2026-05-02,C,EX2,04:00,266,253,1064,19993,142,132
2026-05-02,C,EX2,05:00,274,253,1064,19968,138,128
2026-05-02,C,EX2,05:30,271,253,1088,19993,142,131
2026-05-03,A,EX1,06:20,265,251,0.00 ,20044,200,132
2026-05-03,A,EX1,07:00,270,251,0.00 ,19968,200,131
2026-05-03,A,EX1,08:00,270,251,0.00 ,20070,200,139
2026-05-03,A,EX1,09:00,275,251,0.00 ,20044,200,125
2026-05-03,A,EX1,10:00,275,251,0.00 ,20019,200,133
2026-05-03,A,EX1,11:00,275,251,0.00 ,20044,200,135
2026-05-03,A,EX1,12:00,275,251,0.00 ,20019,200,139
2026-05-03,A,EX1,13:00,275,251,0.00 ,20070,200,139
2026-05-03,A,EX1,13:30,275,251,0.00 ,20070,200,140
2026-05-03,A,EX2,06:20,270,252,896,20019,138,128
2026-05-03,A,EX2,07:00,275,252,992,20070,137,126
2026-05-03,A,EX2,08:00,278,253,1096,20044,138,131
2026-05-03,A,EX2,09:00,275,253,1080,19993,127,120
2026-05-03,A,EX2,10:00,277,253,1084,20070,137,127
2026-05-03,A,EX2,11:00,274,253,1080,20044,145,134
2026-05-03,A,EX2,12:00,275,253,1100,20044,151,139
2026-05-03,A,EX2,13:00,274,253,1094,20070,147,125
2026-05-03,A,EX2,13:30,278,253,1108,20019,139,129
2026-05-03,B,EX1,14:00,276,251,0.00 ,19993,200,130
2026-05-03,B,EX1,15:00,271,251,0.00 ,19994,200,120
2026-05-03,B,EX1,16:00,268,251,0.00 ,19993,200,131
2026-05-03,B,EX1,17:00,273,252,0.00 ,20044,200,129
2026-05-03,B,EX1,18:00,274,252,0.00 ,19993,200,139
2026-05-03,B,EX1,19:00,272,252,0.00 ,19968,200,116
2026-05-03,B,EX1,20:00,270,251,0.00 ,19968,200,117
2026-05-03,B,EX1,21:00,270,251,0.00 ,19968,200,117
2026-05-03,B,EX1,21:30,275,251,0.00 ,19968,200,117
2026-05-03,B,EX2,14:00,275,253,1200,19896,125,120
2026-05-03,B,EX2,15:00,274,253,1068,20019,124,117
2026-05-03,B,EX2,16:00,275,253,1056,20019,137,127
2026-05-03,B,EX2,17:00,280,253,1160,19968,132,124
2026-05-03,B,EX2,18:00,276,252,1160,20070,137,130
2026-05-03,B,EX2,19:00,278,252,1152,19379,116,113
2026-05-03,B,EX2,20:00,275,253,1120,18892,116,112
2026-05-03,B,EX2,21:00,276,252,1160,18995,117,113
2026-05-03,B,EX2,21:30,273,253,1196,19737,118,113
2026-05-03,C,EX1,22:20,268,251,0.00 ,19993,200,127
2026-05-03,C,EX1,23:00,265,251,0.00 ,20070,200,138
2026-05-03,C,EX1,24:00,258,251,0.00 ,20070,200,146
2026-05-03,C,EX1,01:00,256,251,0.00 ,20019,200,150
2026-05-03,C,EX1,02:00,248,251,0.00 ,19968,200,157
2026-05-03,C,EX1,03:00,260,252,0.00 ,20044,200,138
2026-05-03,C,EX1,04:00,255,252,0.00 ,19968,200,149
2026-05-03,C,EX1,05:00,256,251,0.00 ,19968,200,146
2026-05-03,C,EX1,05:30,257,251,0.00 ,19968,200,147
2026-05-03,C,EX2,22:20,277,252,1056,20044,133,124
2026-05-03,C,EX2,23:00,278,252,992,20070,147,135
2026-05-03,C,EX2,24:00,274,252,1024,20070,152,140
2026-05-03,C,EX2,01:00,272,252,1048,19993,151,141
2026-05-03,C,EX2,02:00,265,252,1000,20070,168,152
2026-05-03,C,EX2,03:00,271,252,940,19993,155,140
2026-05-03,C,EX2,04:00,272,252,1032,20070,157,143
2026-05-03,C,EX2,05:00,274,252,1072,20070,155,141
2026-05-03,C,EX2,05:30,276,252,1088,19968,158,144
2026-05-04,A,EX1,06:20,255,251,0.00 ,20070,200,153
2026-05-04,A,EX1,07:00,265,252,0.00 ,20070,200,118
2026-05-04,A,EX1,08:00,260,252,0.00 ,0.00 ,200,80
2026-05-04,A,EX1,09:00,,,,,,
2026-05-04,A,EX1,10:00,,,,,,
2026-05-04,A,EX1,11:00,,,,,,
2026-05-04,A,EX1,12:00,,,,,,
2026-05-04,A,EX1,13:00,,,,,,
2026-05-04,A,EX1,13:30,,,,,,
2026-05-04,A,EX2,06:20,260,253,1040,20019,160,146
2026-05-04,A,EX2,07:00,272,253,442,20019,106,105
2026-05-04,A,EX2,08:00,268,253,330,19430,73,78
2026-05-04,A,EX2,09:00,,,,,,
2026-05-04,A,EX2,10:00,,,,,,
2026-05-04,A,EX2,11:00,,,,,,
2026-05-04,A,EX2,12:00,,,,,,
2026-05-04,A,EX2,13:00,,,,,,
2026-05-04,A,EX2,13:30,,,,,,
2026-05-04,B,EX1,14:00,,,,,,
2026-05-04,B,EX1,15:00,,,,,,
2026-05-04,B,EX1,16:00,,,,,,
2026-05-04,B,EX1,17:00,,,,,,
2026-05-04,B,EX1,18:00,,,,,,
2026-05-04,B,EX1,19:00,,,,,,
2026-05-04,B,EX1,20:00,,,,,,
2026-05-04,B,EX1,21:00,,,,,,
2026-05-04,B,EX1,21:30,,,,,,
2026-05-04,B,EX2,14:00,,,,,,
2026-05-04,B,EX2,15:00,,,,,,
2026-05-04,B,EX2,16:00,,,,,,
2026-05-04,B,EX2,17:00,,,,,,
2026-05-04,B,EX2,18:00,,,,,,
2026-05-04,B,EX2,19:00,,,,,,
2026-05-04,B,EX2,20:00,,,,,,
2026-05-04,B,EX2,21:00,,,,,,
2026-05-04,B,EX2,21:30,,,,,,
2026-05-04,C,EX1,22:00,,,,,,
2026-05-04,C,EX1,23:00,,,,,,
2026-05-04,C,EX1,24:00,,,,,,
2026-05-04,C,EX1,01:00,,,,,,
2026-05-04,C,EX1,02:00,,,,,,
2026-05-04,C,EX1,03:00,,,,,,
2026-05-04,C,EX1,04:00,,,,,,
2026-05-04,C,EX1,05:00,149,251,0.00 ,0.00 ,200,72
2026-05-04,C,EX1,05:30,150,251,0.00 ,0.00 ,200,72
2026-05-04,C,EX2,22:00,,,,3523,29,75
2026-05-04,C,EX2,23:00,,,,3657,28,75
2026-05-04,C,EX2,24:00,,,,,,
2026-05-04,C,EX2,01:00,,,,,,
2026-05-04,C,EX2,02:00,,,,,,
2026-05-04,C,EX2,03:00,,,,,,
2026-05-04,C,EX2,04:00,,,,,,
2026-05-04,C,EX2,05:00,150,252,10,,,
2026-05-04,C,EX2,05:30,148,251,10,,,
2026-05-05,A,EX1,06:20,146,251,0.00 ,0.00 ,200,73
2026-05-05,A,EX1,07:00,146,251,0.00 ,0.00 ,200,77
2026-05-05,A,EX1,08:00,272,251,0.00 ,0.00 ,200,59
2026-05-05,A,EX1,09:00,277,251,0.00 ,19993,200,110
2026-05-05,A,EX1,10:00,240,251,0.00 ,20070,200,129
2026-05-05,A,EX1,11:00,245,251,0.00 ,20070,200,144
2026-05-05,A,EX1,12:00,260,251,0.00 ,20019,200,120
2026-05-05,A,EX1,13:00,270,251,0.00 ,20019,200,122
2026-05-05,A,EX1,13:30,270,251,0.00 ,20019,200,121
2026-05-05,A,EX2,06:20,147,252,11,3456,28,75
2026-05-05,A,EX2,07:00,150,252,11,3100,35,78
2026-05-05,A,EX2,08:00,275,251,832,15705,40,60
2026-05-05,A,EX2,09:00,278,251,1136,19814,93,101
2026-05-05,A,EX2,10:00,240,251,852,18790,128,125
2026-05-05,A,EX2,11:00,245,251,914,19944,142,133
2026-05-05,A,EX2,12:00,664,251,1052,19596,115,111
2026-05-05,A,EX2,13:00,270,251,1080,20032,120,115
2026-05-05,A,EX2,13:30,270,252,1094,20032,123,117
2026-05-05,B,EX1,14:10,266,252,0.00 ,20044,200,125
2026-05-05,B,EX1,15:00,272,252,0.00 ,20070,200,124
2026-05-05,B,EX1,16:00,278,252,0.00 ,19993,200,132
2026-05-05,B,EX1,17:00,278,251,0.00 ,20070,200,135
2026-05-05,B,EX1,18:00,278,251,0.00 ,20019,200,138
2026-05-05,B,EX1,19:00,270,252,0.00 ,20019,200,144
2026-05-05,B,EX1,20:00,270,251,0.00 ,20044,200,161
2026-05-05,B,EX1,21:00,275,251,0.00 ,20019,200,134
2026-05-05,B,EX1,21:30,270,251,0.00 ,20019,200,124
2026-05-05,B,EX2,14:10,270,252,1100,20083,122,117
2026-05-05,B,EX2,15:00,274,252,1104,20044,123,118
2026-05-05,B,EX2,16:00,278,252,1082,20006,129,123
2026-05-05,B,EX2,17:00,272,251,1080,20070,135,127
2026-05-05,B,EX2,18:00,275,252,1104,20044,139,130
2026-05-05,B,EX2,19:00,275,252,1080,20070,149,138
2026-05-05,B,EX2,20:00,275,251,960,20044,170,154
2026-05-05,B,EX2,21:00,280,252,980,20044,130,124
2026-05-05,B,EX2,21:30,271,251,1128,20044,120,115
2026-05-05,C,EX1,22:20,267,251,0.00 ,19968,200,120
2026-05-05,C,EX1,23:00,263,251,0.00 ,20019,200,115
2026-05-05,C,EX1,24:00,262,251,0.00 ,19968,200,122
2026-05-05,C,EX1,01:00,265,251,0.00 ,20019,200,121
2026-05-05,C,EX1,02:00,263,251,0.00 ,19993,200,108
2026-05-05,C,EX1,03:00,260,251,0.00 ,20019,200,120
2026-05-05,C,EX1,04:00,258,252,0.00 ,20044,200,118
2026-05-05,C,EX1,05:00,266,252,0.00 ,20070,200,119
2026-05-05,C,EX1,05:30,265,252,0.00 ,20019,200,127
2026-05-05,C,EX2,22:20,275,251,1136,19609,115,112
2026-05-05,C,EX2,23:00,272,251,1056,18892,116,111
2026-05-05,C,EX2,24:00,270,252,1000,19353,128,119
2026-05-05,C,EX2,01:00,277,251,840,20019,112,109
2026-05-05,C,EX2,02:00,273,251,1008,20019,110,106
2026-05-05,C,EX2,03:00,262,251,960,19020,118,114
2026-05-05,C,EX2,04:00,260,251,970,19097,119,115
2026-05-05,C,EX2,05:00,266,251,1032,19632,118,113
2026-05-05,C,EX2,05:30,264,251,976,20019,132,123
2026-05-06,A,EX1,06:20,265,252,0.00 ,19968,200,137
2026-05-06,A,EX1,07:00,265,251,0.00 ,19968,200,131
2026-05-06,A,EX1,08:00,275,251,0.00 ,20070,200,146
2026-05-06,A,EX1,09:00,277,252,0.00 ,19993,200,129
2026-05-06,A,EX1,10:00,276,252,0.00 ,20044,200,112
2026-05-06,A,EX1,11:00,250,251,0.00 ,20019,200,138
2026-05-06,A,EX1,12:00,275,251,0.00 ,20019,200,123
2026-05-06,A,EX1,13:00,272,251,0.00 ,20070,200,126
2026-05-06,A,EX1,13:30,270,251,0.00 ,20070,200,125
2026-05-06,A,EX2,06:20,270,251,816,20044,139,130
2026-05-06,A,EX2,07:00,270,251,1008,20070,135,126
2026-05-06,A,EX2,08:00,276,251,1088,20070,154,140
2026-05-06,A,EX2,09:00,276,251,1080,20032,130,122
2026-05-06,A,EX2,10:00,277,251,1120,19430,110,107
2026-05-06,A,EX2,11:00,270,251,1024,20057,140,130
2026-05-06,A,EX2,12:00,276,252,1188,19468,119,115
2026-05-06,A,EX2,13:00,275,251,1172,19699,126,120
2026-05-06,A,EX2,13:30,277,251,1220,19558,116,113
2026-05-06,B,EX1,14:10,256,251,0.00 ,20019,200,107
2026-05-06,B,EX1,15:00,257,251,0.00 ,20044,200,113
2026-05-06,B,EX1,16:00,248,252,0.00 ,20070,200,129
2026-05-06,B,EX1,17:00,250,252,0.00 ,19968,200,146
2026-05-06,B,EX1,18:00,252,252,0.00 ,19968,200,126
2026-05-06,B,EX1,19:00,268,252,0.00 ,19993,200,131
2026-05-06,B,EX1,20:00,272,252,0.00 ,20044,200,131
2026-05-06,B,EX1,21:00,268,252,0.00 ,20019,200,122
2026-05-06,B,EX1,21:30,270,252,0.00 ,20019,200,121
2026-05-06,B,EX2,14:10,276,251,1132,19430,103,102
2026-05-06,B,EX2,15:00,270,251,1060,19622,112,108
2026-05-06,B,EX2,16:00,276,252,1120,20044,126,121
2026-05-06,B,EX2,17:00,278,252,1148,19980,148,138
2026-05-06,B,EX2,18:00,276,252,1016,20057,134,123
2026-05-06,B,EX2,19:00,278,252,1100,20083,132,125
2026-05-06,B,EX2,20:00,278,252,1128,19968,131,124
2026-05-06,B,EX2,21:00,278,252,1120,19968,121,116
2026-05-06,B,EX2,21:30,278,252,1128,19993,119,114
2026-05-06,C,EX1,22:20,269,251,0.00 ,20070,200,117
2026-05-06,C,EX1,23:00,265,252,0.00 ,20044,200,122
2026-05-06,C,EX1,24:00,266,251,0.00 ,19968,200,124
2026-05-06,C,EX1,01:00,262,251,0.00 ,20019,200,109
2026-05-06,C,EX1,02:00,263,252,0.00 ,19993,200,110
2026-05-06,C,EX1,03:00,250,251,0.00 ,20070,200,127
2026-05-06,C,EX1,04:00,270,251,0.00 ,20070,200,115
2026-05-06,C,EX1,05:00,250,251,0.00 ,20044,200,106
2026-05-06,C,EX1,05:30,252,252,0.00 ,20019,200,114
2026-05-06,C,EX2,22:20,275,252,1056,19635,118,112
2026-05-06,C,EX2,23:00,272,251,1064,19814,124,118
2026-05-06,C,EX2,24:00,270,251,1080,19404,121,116
2026-05-06,C,EX2,01:00,271,251,1096,18892,105,103
2026-05-06,C,EX2,02:00,273,252,1056,19072,108,105
2026-05-06,C,EX2,03:00,260,252,1000,19251,126,119
2026-05-06,C,EX2,04:00,265,252,988,18660,102,101
2026-05-06,C,EX2,05:00,256,251,1000,17640,104,103
2026-05-06,C,EX2,05:30,256,251,1040,17331,109,106
2026-05-07,A,EX1,06:20,260,251,0.00 ,20019,200,111
2026-05-07,A,EX1,07:00,270,251,0.00 ,19968,200,116
2026-05-07,A,EX1,08:00,270,251,0.00 ,20044,200,117
2026-05-07,A,EX1,09:00,270,251,0.00 ,20019,200,111
2026-05-07,A,EX1,10:00,270,251,0.00 ,20019,200,126
2026-05-07,A,EX1,11:00,265,251,0.00 ,20019,200,128
2026-05-07,A,EX1,12:00,265,251,0.00 ,20019,200,123
2026-05-07,A,EX1,13:00,265,251,0.00 ,20070,200,116
2026-05-07,A,EX1,13:30,265,251,0.00 ,20019,200,116
2026-05-07,A,EX2,06:20,270,251,1058,17856,110,106
2026-05-07,A,EX2,07:00,272,251,1112,19174,114,110
2026-05-07,A,EX2,08:00,272,251,1080,19335,114,110
2026-05-07,A,EX2,09:00,278,251,1072,19545,108,105
2026-05-07,A,EX2,10:00,276,251,1072,20057,135,125
2026-05-07,A,EX2,11:00,265,251,1116,19456,127,120
2026-05-07,A,EX2,12:00,265,251,1013,19456,121,115
2026-05-07,A,EX2,13:00,265,251,1036,9456,114,110
2026-05-07,A,EX2,13:30,277,251,1104,20057,124,117
2026-05-07,B,EX1,14:05,260,252,0.00 ,20044,200,119
2026-05-07,B,EX1,15:00,270,251,0.00 ,20019,200,116
2026-05-07,B,EX1,16:00,270,251,0.00 ,20044,200,122
2026-05-07,B,EX1,17:00,265,251,0.00 ,20044,200,131
2026-05-07,B,EX1,18:00,272,252,0.00 ,19993,200,119
2026-05-07,B,EX1,19:00,268,251,0.00 ,20070,200,125
2026-05-07,B,EX1,20:00,265,252,0.00 ,20044,200,127
2026-05-07,B,EX1,21:00,268,251,0.00 ,20044,200,119
2026-05-07,B,EX1,21:30,271,252,0.00 ,20070,200,119
2026-05-07,B,EX2,14:05,275,251,1120,19916,126,119
2026-05-07,B,EX2,15:00,271,251,1032,20019,120,113
2026-05-07,B,EX2,16:00,278,251,1088,20019,122,116
2026-05-07,B,EX2,17:00,276,251,1104,20019,132,124
2026-05-07,B,EX2,18:00,280,251,1048,20070,120,114
2026-05-07,B,EX2,19:00,277,251,1048,20070,124,118
2026-05-07,B,EX2,20:00,276,251,1080,20019,128,121
2026-05-07,B,EX2,21:00,278,251,1104,20019,121,115
2026-05-07,B,EX2,21:30,280,251,1120,19840,117,112
2026-05-07,C,EX1,22:20,256,251,0.00 ,20019,200,132
2026-05-07,C,EX1,23:00,266,251,0.00 ,19968,200,123
2026-05-07,C,EX1,24:00,258,251,0.00 ,19968,200,124
2026-05-07,C,EX1,01:00,255,252,0.00 ,20070,200,123
2026-05-07,C,EX1,02:00,262,251,0.00 ,19968,200,108
2026-05-07,C,EX1,03:00,246,252,0.00 ,20019,200,99
2026-05-07,C,EX1,04:00,240,252,0.00 ,20044,200,101
2026-05-07,C,EX1,05:00,244,252,0.00 ,20044,200,106
2026-05-07,C,EX1,05:30,260,252,0.00 ,20019,200,107
2026-05-07,C,EX2,22:20,265,251,1048,20019,131,123
2026-05-07,C,EX2,23:00,271,251,1064,19993,121,115
2026-05-07,C,EX2,24:00,269,251,1040,19532,122,116
2026-05-07,C,EX2,01:00,268,251,1104,19276,118,114
2026-05-07,C,EX2,02:00,276,251,1152,19097,102,100
2026-05-07,C,EX2,03:00,264,251,970,18227,93,94
2026-05-07,C,EX2,04:00,262,251,972,17612,98,97
2026-05-07,C,EX2,05:00,258,251,980,18073,101,100
2026-05-07,C,EX2,05:30,262,251,1004,18124,103,102
2026-05-08,A,EX1,06:20,251,252,0.00 ,20019,200,111
2026-05-08,A,EX1,07:00,265,251,0.00 ,20070,200,126
2026-05-08,A,EX1,08:00,270,252,0.00 ,20019,200,118
2026-05-08,A,EX1,09:00,272,252,0.00 ,20044,200,114
2026-05-08,A,EX1,10:00,265,252,0.00 ,20019,200,119
2026-05-08,A,EX1,11:00,265,252,0.00 ,20044,200,110
2026-05-08,A,EX1,12:00,270,252,0.00 ,20044,200,118
2026-05-08,A,EX1,13:00,260,252,0.00 ,20070,200,117
2026-05-08,A,EX1,13:30,268,252,0.00 ,20044,200,117
2026-05-08,A,EX2,06:20,261,251,952,18483,108,105
2026-05-08,A,EX2,07:00,270,251,1072,19788,128,120
2026-05-08,A,EX2,08:00,275,251,1088,19340,118,113
2026-05-08,A,EX2,09:00,277,251,1096,19456,109,106
2026-05-08,A,EX2,10:00,271,251,1144,18649,113,110
2026-05-08,A,EX2,11:00,275,251,1156,18521,108,105
2026-05-08,A,EX2,12:00,272,251,1184,18457,108,108
2026-05-08,A,EX2,13:00,260,251,1100,17766,115,111
2026-05-08,A,EX2,13:30,273,251,1196,18521,108,105
2026-05-08,B,EX1,14:10,257,252,0.00 ,20019,200,115
2026-05-08,B,EX1,15:00,252,252,0.00 ,20070,200,131
2026-05-08,B,EX1,16:00,253,252,0.00 ,19993,200,124
2026-05-08,B,EX1,17:00,265,252,0.00 ,20070,200,116
2026-05-08,B,EX1,18:00,265,251,0.00 ,20044,200,117
2026-05-08,B,EX1,19:00,271,252,0.00 ,20070,200,113
2026-05-08,B,EX1,20:00,266,251,0.00 ,20044,200,152
2026-05-08,B,EX1,21:00,265,251,0.00 ,20044,200,121
2026-05-08,B,EX1,21:30,269,251,0.00 ,20044,200,117
2026-05-08,B,EX2,14:10,257,251,1072,17856,113,110
2026-05-08,B,EX2,15:00,275,251,1166,19980,128,121
2026-05-08,B,EX2,16:00,272,251,1124,20019,123,117
2026-05-08,B,EX2,17:00,278,252,1100,19904,114,110
2026-05-08,B,EX2,18:00,275,252,1120,19635,117,113
2026-05-08,B,EX2,19:00,280,251,1136,19335,108,106
2026-05-08,B,EX2,20:00,275,251,980,19968,163,147
2026-05-08,B,EX2,21:00,276,251,1128,20019,120,114
2026-05-08,B,EX2,21:30,278,251,1128,20019,113,110
2026-05-08,C,EX1,22:20,265,251,0.00 ,20044,200,117
2026-05-08,C,EX1,23:00,260,251,0.00 ,19993,200,122
2026-05-08,C,EX1,24:00,265,251,0.00 ,19993,200,112
2026-05-08,C,EX1,01:00,262,251,0.00 ,20070,200,106
2026-05-08,C,EX1,02:00,260,251,0.00 ,20070,200,108
2026-05-08,C,EX1,03:00,260,251,0.00 ,19993,200,109
2026-05-08,C,EX1,04:00,262,251,0.00 ,19993,200,127
2026-05-08,C,EX1,05:00,263,251,0.00 ,20044,200,127
2026-05-08,C,EX1,05:30,263,251,0.00 ,20044,200,125
2026-05-08,C,EX2,22:00,271,252,1112,19404,111,109
2026-05-08,C,EX2,23:00,268,252,1096,19276,118,113
2026-05-08,C,EX2,24:00,258,251,840,19123,113,108
2026-05-08,C,EX2,01:00,258,252,992,17715,102,101
2026-05-08,C,EX2,02:00,261,252,960,17484,105,104
2026-05-08,C,EX2,03:00,255,252,976,19302,127,119
2026-05-08,C,EX2,04:00,256,252,972,19208,126,119
2026-05-08,C,EX2,05:00,258,252,1016,18892,123,116
2026-05-08,C,EX2,05:30,260,252,1024,19302,122,116
2026-05-09,A,EX1,06:20,265,251,0.00 ,20044,200,118
2026-05-09,A,EX1,07:00,271,251,0.00 ,20019,200,115
2026-05-09,A,EX1,08:00,269,251,0.00 ,20044,200,123
2026-05-09,A,EX1,09:00,272,251,0.00 ,19993,200,116
2026-05-09,A,EX1,10:00,260,251,0.00 ,20070,200,117
2026-05-09,A,EX1,11:00,258,251,0.00 ,20070,200,123
2026-05-09,A,EX1,12:00,270,251,0.00 ,20070,200,115
2026-05-09,A,EX1,13:00,275,251,0.00 ,20070,200,112
2026-05-09,A,EX1,13:30,260,252,0.00 ,19968,200,112
2026-05-09,A,EX2,06:20,265,251,1072,18841,116,111
2026-05-09,A,EX2,07:00,270,251,1096,18137,111,108
2026-05-09,A,EX2,08:00,268,251,1056,18598,124,117
2026-05-09,A,EX2,09:00,273,251,1128,18844,112,109
2026-05-09,A,EX2,10:00,270,251,1044,19328,118,113
2026-05-09,A,EX2,11:00,265,251,1052,19635,124,117
2026-05-09,A,EX2,12:00,271,251,1096,19008,111,108
2026-05-09,A,EX2,13:00,272,251,1112,19174,106,105
2026-05-09,A,EX2,13:30,269,251,1070,19520,112,108
2026-05-09,B,EX1,14:00,252,252,0.00 ,20070,200,124
2026-05-09,B,EX1,15:00,250,252,0.00 ,20044,200,124
2026-05-09,B,EX1,16:00,264,252,0.00 ,20019,200,136
2026-05-09,B,EX1,17:00,255,252,0.00 ,20019,200,148
2026-05-09,B,EX1,18:00,264,251,0.00 ,20019,200,136
2026-05-09,B,EX1,19:00,270,251,0.00 ,20019,200,135
2026-05-09,B,EX1,20:00,265,252,0.00 ,20044,200,146
2026-05-09,B,EX1,21:00,265,252,0.00 ,20019,200,149
2026-05-09,B,EX1,21:30,270,252,0.00 ,20044,200,145
2026-05-09,B,EX2,14:00,260,251,1066,19596,125,118
2026-05-09,B,EX2,15:00,276,252,1100,19950,129,121
2026-05-09,B,EX2,16:00,278,252,1084,20006,143,132
2026-05-09,B,EX2,17:00,267,251,1056,20019,153,141
2026-05-09,B,EX2,18:00,270,252,1048,20019,128,129
2026-05-09,B,EX2,19:00,278,252,1072,20019,136,129
2026-05-09,B,EX2,20:00,276,252,1040,20070,156,141
2026-05-09,B,EX2,21:00,275,252,1040,19993,156,142
2026-05-09,B,EX2,21:30,278,252,1060,20019,149,138
2026-05-09,C,EX1,22:20,268,251,0.00 ,20019,200,132
2026-05-09,C,EX1,23:00,256,252,0.00 ,19968,200,152
2026-05-09,C,EX1,24:00,255,251,0.00 ,19993,200,157
2026-05-09,C,EX1,01:00,261,251,0.00 ,20019,200,135
2026-05-09,C,EX1,02:00,263,251,0.00 ,20044,200,126
2026-05-09,C,EX1,03:00,258,251,0.00 ,20019,200,134
2026-05-09,C,EX1,04:00,259,251,0.00 ,20044,200,129
2026-05-09,C,EX1,05:00,264,252,0.00 ,20019,200,123
2026-05-09,C,EX1,05:30,263,252,0.00 ,20044,200,125
2026-05-09,C,EX2,22:20,274,251,1032,19993,137,127
2026-05-09,C,EX2,23:00,266,251,972,19993,163,148
2026-05-09,C,EX2,24:00,267,251,1004,19968,164,149
2026-05-09,C,EX2,01:00,277,251,1040,20044,137,128
2026-05-09,C,EX2,02:00,276,251,1080,20019,126,118
2026-05-09,C,EX2,03:00,270,251,1088,19968,138,128
2026-05-09,C,EX2,04:00,268,251,1056,19968,138,127
2026-05-09,C,EX2,05:00,275,251,1072,20070,124,117
2026-05-09,C,EX2,05:30,276,252,1064,20044,128,120
2026-05-10,A,EX1,06:20,262,251,0.00 ,19968,200,127
2026-05-10,A,EX1,07:00,264,251,0.00 ,20019,200,132
2026-05-10,A,EX1,08:00,274,251,0.00 ,19993,200,131
2026-05-10,A,EX1,09:00,273,251,0.00 ,20044,200,130
2026-05-10,A,EX1,10:00,269,251,0.00 ,20019,200,125
2026-05-10,A,EX1,11:00,272,252,0.00 ,19968,200,126
2026-05-10,A,EX1,12:00,273,252,0.00 ,20019,200,131
2026-05-10,A,EX1,13:00,264,252,0.00 ,19993,200,145
2026-05-10,A,EX1,13:30,262,251,0.00 ,20019,200,140
2026-05-10,A,EX2,06:20,275,251,1088,19968,130,122
2026-05-10,A,EX2,07:00,277,251,1104,20019,132,124
2026-05-10,A,EX2,08:00,278,251,1056,20044,133,124
2026-05-10,A,EX2,09:00,279,251,1092,19968,132,124
2026-05-10,A,EX2,10:00,277,251,1084,20032,126,119
2026-05-10,A,EX2,11:00,278,251,1020,20044,131,122
2026-05-10,A,EX2,12:00,279,251,1026,20032,132,124
2026-05-10,A,EX2,13:00,275,251,1068,20006,152,140
2026-05-10,A,EX2,13:30,277,251,1124,20044,142,132
2026-05-10,B,EX1,14:20,272,251,0.00 ,20019,200,138
2026-05-10,B,EX1,15:00,268,251,0.00 ,20019,200,143
2026-05-10,B,EX1,16:00,272,251,0.00 ,20019,200,123
2026-05-10,B,EX1,17:00,268,251,0.00 ,20019,200,130
2026-05-10,B,EX1,18:00,265,251,0.00 ,19968,200,125
2026-05-10,B,EX1,19:00,270,252,0.00 ,20044,200,115
2026-05-10,B,EX1,20:00,272,252,0.00 ,20070,200,111
2026-05-10,B,EX1,21:00,270,252,0.00 ,19968,200,109
2026-05-10,B,EX1,21:30,270,252,0.00 ,20044,200,104
2026-05-10,B,EX2,14:20,273,251,1084,20070,135,127
2026-05-10,B,EX2,15:00,265,251,1036,20044,151,138
2026-05-10,B,EX2,16:00,272,251,1016,20070,127,129
2026-05-10,B,EX2,17:00,271,251,1024,20070,134,125
2026-05-10,B,EX2,18:00,268,251,1072,19942,119,115
2026-05-10,B,EX2,19:00,270,251,1032,19072,110,107
2026-05-10,B,EX2,20:00,272,251,1024,18944,106,104
2026-05-10,B,EX2,21:00,268,251,1008,17792,103,102
2026-05-10,B,EX2,21:30,271,251,0.00 ,18099,98,98
2026-05-10,C,EX1,22:10,268,251,0.00 ,20044,200,101
2026-05-10,C,EX1,23:00,265,251,0.00 ,19968,200,111
2026-05-10,C,EX1,24:00,265,251,0.00 ,19968,200,116
2026-05-10,C,EX1,01:00,265,251,0.00 ,19968,200,116
2026-05-10,C,EX1,02:00,270,251,0.00 ,19993,200,122
2026-05-10,C,EX1,03:00,271,251,0.00 ,20044,200,133
2026-05-10,C,EX1,04:00,265,251,0.00 ,20070,200,120
2026-05-10,C,EX1,05:00,265,251,0.00 ,20019,200,120
2026-05-10,C,EX1,05:30,270,251,0.00 ,20070,200,125
2026-05-10,C,EX2,22:10,265,251,980,17796,96,96
2026-05-10,C,EX2,23:00,270,251,968,18176,106,104
2026-05-10,C,EX2,24:00,275,251,1064,19960,112,108
2026-05-10,C,EX2,01:00,275,251,1020,19993,114,110
2026-05-10,C,EX2,02:00,275,251,1064,20070,123,117
2026-05-10,C,EX2,03:00,275,251,972,20044,143,131
2026-05-10,C,EX2,04:00,275,251,1048,20044,120,114
2026-05-10,C,EX2,05:00,277,251,1016,20044,120,114
2026-05-10,C,EX2,05:30,275,251,1054,20044,127,119
2026-05-11,A,EX1,06:00,270,251,0.00 ,20019,200,126
2026-05-11,A,EX1,07:00,272,251,0.00 ,19993,200,124
2026-05-11,A,EX1,08:00,275,251,0.00 ,20019,200,123
2026-05-11,A,EX1,09:00,270,252,0.00 ,20044,200,124
2026-05-11,A,EX1,10:00,275,251,0.00 ,19963,200,132
2026-05-11,A,EX1,11:00,272,252,0.00 ,20070,200,134
2026-05-11,A,EX1,12:00,275,252,0.00 ,20070,200,141
2026-05-11,A,EX1,13:00,275,251,0.00 ,20019,200,144
2026-05-11,A,EX1,13:30,270,251,0.00 ,20044,200,149
2026-05-11,A,EX2,06:00,275,251,1080,19993,124,117
2026-05-11,A,EX2,07:00,278,251,1056,19993,124,117
2026-05-11,A,EX2,08:00,276,252,1064,20044,122,116
2026-05-11,A,EX2,09:00,278,251,1056,20044,123,117
2026-05-11,A,EX2,10:00,278,251,1088,20057,133,124
2026-05-11,A,EX2,11:00,277,252,1104,20032,141,130
2026-05-11,A,EX2,12:00,278,251,1026,19063,144,132
2026-05-11,A,EX2,13:00,280,251,1000,20032,149,137
2026-05-11,A,EX2,13:30,278,251,1015,19958,156,142
2026-05-11,B,EX1,14:20,273,251,0.00 ,20019,200,137
2026-05-11,B,EX1,15:00,268,251,0.00 ,20044,200,142
2026-05-11,B,EX1,16:00,277,251,0.00 ,20070,200,149
2026-05-11,B,EX1,17:00,270,251,0.00 ,20019,200,142
2026-05-11,B,EX1,18:00,268,251,0.00 ,19998,200,147
2026-05-11,B,EX1,19:00,272,252,0.00 ,20019,200,140
2026-05-11,B,EX1,20:00,277,252,0.00 ,20044,200,130
2026-05-11,B,EX1,21:00,272,252,0.00 ,19968,200,138
2026-05-11,B,EX1,21:30,274,252,0.00 ,20044,200,143
2026-05-11,B,EX2,14:20,270,251,1076,20070,141,131
2026-05-11,B,EX2,15:00,268,251,994,20019,153,141
2026-05-11,B,EX2,16:00,272,251,966,20070,161,145
2026-05-11,B,EX2,17:00,270,251,1088,20019,138,129
2026-05-11,B,EX2,18:00,271,251,1004,19994,154,140
2026-05-11,B,EX2,19:00,272,251,1032,20019,139,129
2026-05-11,B,EX2,20:00,276,251,1072,20019,130,122
2026-05-11,B,EX2,21:00,275,251,1004,20070,148,134
2026-05-11,B,EX2,21:30,277,251,1020,19993,150,136
2026-05-11,C,EX1,22:20,260,251,0.00 ,20070,200,133
2026-05-11,C,EX1,23:00,265,251,0.00 ,20044,200,137
2026-05-11,C,EX1,24:00,275,252,0.00 ,20019,200,133
2026-05-11,C,EX1,01:00,275,251,0.00 ,20041,200,117
2026-05-11,C,EX1,02:00,275,252,0.00 ,20044,200,174
2026-05-11,C,EX1,03:00,276,252,0.00 ,20019,200,119
2026-05-11,C,EX1,04:00,275,252,0.00 ,20019,200,124
2026-05-11,C,EX1,05:00,275,252,0.00 ,20044,200,126
2026-05-11,C,EX1,05:30,275,252,0.00 ,20044,200,129
2026-05-11,C,EX2,22:20,260,251,1016,20019,134,125
2026-05-11,C,EX2,23:00,275,251,1024,20019,142,130
2026-05-11,C,EX2,24:00,278,251,1088,20019,128,121
2026-05-11,C,EX2,01:00,278,251,1096,20019,112,108
2026-05-11,C,EX2,02:00,278,252,1072,20019,125,118
2026-05-11,C,EX2,03:00,278,252,1096,19891,115,110
2026-05-11,C,EX2,04:00,278,252,1152,20019,123,116
2026-05-11,C,EX2,05:00,275,252,1112,20019,132,123
2026-05-11,C,EX2,05:30,278,251,1112,20044,123,117
2026-05-12,A,EX1,06:05,260,251,0.00 ,20044,200,122
2026-05-12,A,EX1,07:00,270,251,0.00 ,20019,200,134
2026-05-12,A,EX1,08:00,273,251,0.00 ,19968,200,132
2026-05-12,A,EX1,09:00,276,251,0.00 ,20070,200,129
2026-05-12,A,EX1,10:00,270,252,0.00 ,20044,200,124
2026-05-12,A,EX1,11:00,265,252,0.00 ,20019,200,124
2026-05-12,A,EX1,12:00,270,251,0.00 ,20019,200,127
2026-05-12,A,EX1,13:00,270,251,0.00 ,20044,200,142
2026-05-12,A,EX1,13:30,270,252,0.00 ,20070,200,146
2026-05-12,A,EX2,06:05,276,251,1056,20019,124,117
2026-05-12,A,EX2,07:00,277,251,1024,19993,127,119
2026-05-12,A,EX2,08:00,276,266,1040,20070,139,128
2026-05-12,A,EX2,09:00,279,266,1024,20019,131,123
2026-05-12,A,EX2,10:00,275,266,1160,20019,123,117
2026-05-12,A,EX2,11:00,275,266,1084,19968,126,118
2026-05-12,A,EX2,12:00,278,266,1158,20070,127,120
2026-05-12,A,EX2,13:00,278,266,1060,20044,156,141
2026-05-12,A,EX2,13:30,277,266,1086,19993,149,138
2026-05-12,B,EX1,14:20,273,251,0.00 ,20070,200,132
2026-05-12,B,EX1,15:00,270,251,0.00 ,19993,200,142
2026-05-12,B,EX1,16:00,274,251,0.00 ,20070,200,127
2026-05-12,B,EX1,17:00,265,251,0.00 ,20019,200,127
2026-05-12,B,EX1,18:00,276,251,0.00 ,20070,200,127
2026-05-12,B,EX1,19:00,275,251,0.00 ,19968,200,127
2026-05-12,B,EX1,20:00,273,252,0.00 ,19993,200,134
2026-05-12,B,EX1,21:00,272,252,0.00 ,20070,200,148
2026-05-12,B,EX1,21:30,274,251,0.00 ,20044,200,143
2026-05-12,B,EX2,14:20,275,266,1088,20070,136,127
2026-05-12,B,EX2,15:00,268,266,910,20019,168,151
2026-05-12,B,EX2,16:00,276,266,1088,20070,118,114
2026-05-12,B,EX2,17:00,263,266,960,20070,135,124
2026-05-12,B,EX2,18:00,278,266,1056,20044,126,119
2026-05-12,B,EX2,19:00,277,266,1000,20019,138,125
2026-05-12,B,EX2,20:00,274,266,1040,20044,140,129
2026-05-12,B,EX2,21:00,271,266,928,20044,158,143
2026-05-12,B,EX2,21:30,276,266,1072,20044,140,131
2026-05-12,C,EX1,22:20,265,251,0.00 ,20070,200,111
2026-05-12,C,EX1,23:00,275,252,0.00 ,20019,200,109
2026-05-12,C,EX1,24:00,270,252,0.00 ,19968,200,131
2026-05-12,C,EX1,01:00,275,252,0.00 ,20070,200,112
2026-05-12,C,EX1,02:00,250,251,0.00 ,20019,200,114
2026-05-12,C,EX1,03:00,241,251,0.00 ,20019,200,126
2026-05-12,C,EX1,04:00,275,251,0.00 ,20070,200,120
2026-05-12,C,EX1,05:00,274,251,0.00 ,20044,200,105
2026-05-12,C,EX1,05:30,275,251,0.00 ,20044,200,104
2026-05-12,C,EX2,22:20,271,266,1088,19635,106,104
2026-05-12,C,EX2,23:00,278,266,1160,19712,105,103
2026-05-12,C,EX2,24:00,275,266,1004,20044,144,130
2026-05-12,C,EX2,01:00,278,266,1096,20070,108,105
2026-05-12,C,EX2,02:00,255,266,896,19686,117,111
2026-05-12,C,EX2,03:00,253,266,920,19865,126,118
2026-05-12,C,EX2,04:00,278,266,1128,20019,116,111
2026-05-12,C,EX2,05:00,275,266,1032,20019,100,99
2026-05-12,C,EX2,05:30,278,266,1024,20019,108,104
2026-05-13,A,EX1,06:00,268,251,0.00 ,20070,200,200
2026-05-13,A,EX1,07:00,270,251,0.00 ,20019,200,200
2026-05-13,A,EX1,08:00,275,251,0.00 ,19993,200,200
2026-05-13,A,EX1,09:00,278,252,0.00 ,20070,200,117
2026-05-13,A,EX1,10:00,277,251,0.00 ,20044,200,144
2026-05-13,A,EX1,11:00,278,252,0.00 ,20070,200,125
2026-05-13,A,EX1,12:00,278,252,0.00 ,20019,200,149
2026-05-13,A,EX1,13:00,279,252,0.00 ,19993,200,140
2026-05-13,A,EX1,13:30,270,252,0.00 ,19993,200,143
2026-05-13,A,EX2,06:00,270,266,1056,20044,111,107
2026-05-13,A,EX2,07:00,278,266,1048,20070,122,115
2026-05-13,A,EX2,08:00,279,266,1092,20044,125,118
2026-05-13,A,EX2,09:00,279,266,1130,20044,111,108
2026-05-13,A,EX2,10:00,278,266,1015,20070,156,140
2026-05-13,A,EX2,11:00,278,266,1132,19993,124,118
2026-05-13,A,EX2,12:00,279,266,1116,20019,154,142
2026-05-13,A,EX2,13:00,278,266,1092,20044,147,134
2026-05-13,A,EX2,13:30,278,266,1102,19968,149,137
2026-05-13,B,EX1,14:20,268,251,0.00 ,20070,200,135
2026-05-13,B,EX1,15:00,265,251,0.00 ,19968,200,136
2026-05-13,B,EX1,16:00,270,251,0.00 ,20019,200,117
2026-05-13,B,EX1,17:00,270,251,0.00 ,20044,200,107
2026-05-13,B,EX1,18:00,264,251,0.00 ,20019,200,135
2026-05-13,B,EX1,19:00,268,251,0.00 ,20070,200,118
2026-05-13,B,EX1,20:00,266,251,0.00 ,20019,200,132
2026-05-13,B,EX1,21:00,273,251,0.00 ,20070,200,121
2026-05-13,B,EX1,21:30,272,251,0.00 ,20019,200,114
2026-05-13,B,EX2,14:20,271,266,1076,20044,138,128
2026-05-13,B,EX2,15:00,274,266,1124,20019,139,129
2026-05-13,B,EX2,16:00,272,266,1104,19993,114,110
2026-05-13,B,EX2,17:00,276,266,1040,19891,104,102
2026-05-13,B,EX2,18:00,270,266,1064,20019,125,120
2026-05-13,B,EX2,19:00,170,266,960,20019,120,113
2026-05-13,B,EX2,20:00,271,266,1056,19993,136,126
2026-05-13,B,EX2,21:00,273,266,1128,19737,115,111
2026-05-13,B,EX2,21:30,275,266,1104,19968,108,105
2026-05-13,C,EX1,22:20,260,252,0.00 ,20044,200,121
2026-05-13,C,EX1,23:00,260,251,0.00 ,20070,200,118
2026-05-13,C,EX1,24:00,260,251,0.00 ,20044,200,120
2026-05-13,C,EX1,01:00,260,251,0.00 ,19968,200,117
2026-05-13,C,EX1,02:00,260,252,0.00 ,20044,200,121
2026-05-13,C,EX1,03:00,260,252,0.00 ,20019,200,125
2026-05-13,C,EX1,04:00,260,252,0.00 ,20044,200,130
2026-05-13,C,EX1,05:00,260,252,0.00 ,20044,200,126
2026-05-13,C,EX1,05:30,260,252,0.00 ,20044,200,126
2026-05-13,C,EX2,22:20,270,266,1128,19968,120,115
2026-05-13,C,EX2,23:00,270,266,1008,20070,120,114
2026-05-13,C,EX2,24:00,270,266,1088,19968,119,113
2026-05-13,C,EX2,01:00,260,266,1020,20019,118,112
2026-05-13,C,EX2,02:00,260,266,1000,20044,122,115
2026-05-13,C,EX2,03:00,260,266,960,20044,126,118
2026-05-13,C,EX2,04:00,264,266,964,20019,130,121
2026-05-13,C,EX2,05:00,260,266,1004,20070,127,119
2026-05-13,C,EX2,05:30,260,266,1004,20019,133,123
2026-05-14,A,EX1,06:05,261,252,0.00 ,19968,200,126
2026-05-14,A,EX1,07:00,258,252,0.00 ,19993,200,136
2026-05-14,A,EX1,08:00,275,252,0.00 ,19993,200,147
2026-05-14,A,EX1,09:00,260,252,0.00 ,19968,200,164
2026-05-14,A,EX1,10:00,265,251,0.00 ,19993,200,156
2026-05-14,A,EX1,11:00,278,251,0.00 ,20019,200,148
2026-05-14,A,EX1,12:00,275,251,0.00 ,20019,200,117
2026-05-14,A,EX1,13:00,264,252,0.00 ,19968,200,137
2026-05-14,A,EX1,13:30,268,252,0.00 ,19968,200,133
2026-05-14,A,EX2,06:05,259,266,1032,20044,132,123
2026-05-14,A,EX2,07:00,278,266,1128,19993,137,128
2026-05-14,A,EX2,08:00,279,266,1016,19968,144,135
2026-05-14,A,EX2,09:00,274,266,1008,20019,181,161
2026-05-14,A,EX2,10:00,275,266,1112,20070,159,146
2026-05-14,A,EX2,11:00,278,266,912,20070,145,136
2026-05-14,A,EX2,12:00,275,266,1148,20044,114,110
2026-05-14,A,EX2,13:00,278,266,1144,19968,133,126
2026-05-14,A,EX2,13:30,279,266,1150,20070,129,122
2026-05-14,B,EX1,14:20,264,251,0.00 ,19968,200,122
2026-05-14,B,EX1,15:00,265,251,0.00 ,20019,200,149
2026-05-14,B,EX1,16:00,266,251,0.00 ,20070,200,160
2026-05-14,B,EX1,17:00,270,251,0.00 ,20019,200,135
2026-05-14,B,EX1,18:00,270,251,0.00 ,20044,200,147
2026-05-14,B,EX1,19:00,269,251,0.00 ,20044,200,142
2026-05-14,B,EX1,20:00,267,251,0.00 ,20019,200,140
2026-05-14,B,EX1,21:00,274,251,0.00 ,20019,200,121
2026-05-14,B,EX1,21:30,271,251,0.00 ,20044,200,120
2026-05-14,B,EX2,14:20,271,266,1104,19968,120,114
2026-05-14,B,EX2,15:00,266,266,1056,19993,155,141
2026-05-14,B,EX2,16:00,265,266,1072,20044,164,149
2026-05-14,B,EX2,17:00,271,266,1124,20019,131,124
2026-05-14,B,EX2,18:00,268,266,962,19993,163,146
2026-05-14,B,EX2,19:00,274,266,1104,20019,142,133
2026-05-14,B,EX2,20:00,270,266,1096,20019,135,127
2026-05-14,B,EX2,21:00,274,266,1120,19963,115,111
2026-05-14,B,EX2,21:30,272,266,1048,20070,122,116
2026-05-14,C,EX1,22:20,260,251,0.00 ,20019,200,131
2026-05-14,C,EX1,23:00,270,252,0.00 ,20044,200,147
2026-05-14,C,EX1,24:00,272,252,0.00 ,20044,200,139
2026-05-14,C,EX1,01:00,271,252,0.00 ,20070,200,145
2026-05-14,C,EX1,02:00,272,252,0.00 ,20019,200,148
2026-05-14,C,EX1,03:00,273,251,0.00 ,20019,200,147
2026-05-14,C,EX1,04:00,271,251,0.00 ,20044,200,147
2026-05-14,C,EX1,05:00,272,251,0.00 ,20044,200,147
2026-05-14,C,EX1,05:30,274,251,0.00 ,20070,200,138
2026-05-14,C,EX2,22:20,270,266,1040,20044,133,124
2026-05-14,C,EX2,23:00,275,266,988,20044,154,141
2026-05-14,C,EX2,24:00,275,266,1056,20044,144,133
2026-05-14,C,EX2,01:00,275,266,1012,19968,152,139
2026-05-14,C,EX2,02:00,275,266,1056,20044,154,140
2026-05-14,C,EX2,03:00,275,266,1088,20044,154,140
2026-05-14,C,EX2,04:00,275,266,1144,20019,147,136
2026-05-14,C,EX2,05:00,275,266,1128,20019,140,130
2026-05-14,C,EX2,05:30,274,266,1128,20019,139,129
2026-05-15,A,EX1,06:10,270,251,0.00 ,20044,200,131
2026-05-15,A,EX1,07:00,263,251,0.00 ,20070,200,134
2026-05-15,A,EX1,08:00,263,251,0.00 ,20070,200,119
2026-05-15,A,EX1,09:00,265,251,0.00 ,20019,200,121
2026-05-15,A,EX1,10:00,265,251,0.00 ,19963,200,127
2026-05-15,A,EX1,11:00,,,,,,
2026-05-15,A,EX1,12:00,260,252,0.00 ,20019,200,121
2026-05-15,A,EX1,13:00,259,252,0.00 ,20019,200,134
2026-05-15,A,EX1,13:30,259,251,0.00 ,20070,200,132
2026-05-15,A,EX2,06:10,277,266,984,19993,128,121
2026-05-15,A,EX2,07:00,278,266,1080,20070,136,127
2026-05-15,A,EX2,08:00,279,266,1104,19993,118,113
2026-05-15,A,EX2,09:00,279,266,1128,20070,118,113
2026-05-15,A,EX2,10:00,278,266,1104,20044,131,123
2026-05-15,A,EX2,11:00,278,266,604,20070,111,106
2026-05-15,A,EX2,12:00,272,266,1022,20019,129,115
2026-05-15,A,EX2,13:00,273,266,1086,20044,137,127
2026-05-15,A,EX2,13:30,275,266,1100,20044,132,124
2026-05-15,B,EX1,14:20,264,251,0.00 ,19993,200,129
2026-05-15,B,EX1,15:00,248,252,0.00 ,20044,200,140
2026-05-15,B,EX1,16:00,265,251,0.00 ,19993,200,119
2026-05-15,B,EX1,17:00,266,251,0.00 ,19993,200,120
2026-05-15,B,EX1,18:00,272,251,0.00 ,19968,200,110
2026-05-15,B,EX1,19:00,271,251,0.00 ,20070,200,125
2026-05-15,B,EX1,20:00,272,251,0.00 ,20019,200,115
2026-05-15,B,EX1,21:00,270,251,0.00 ,20019,200,115
2026-05-15,B,EX1,21:30,272,251,0.00 ,20019,200,121
2026-05-15,B,EX2,14:20,276,266,1096,19968,122,117
2026-05-15,B,EX2,15:00,256,266,828,19993,159,141
2026-05-15,B,EX2,16:00,272,266,868,19968,93,106
2026-05-15,B,EX2,17:00,275,266,1020,20019,108,114
2026-05-15,B,EX2,18:00,273,266,1012,19020,96,101
2026-05-15,B,EX2,19:00,270,266,1032,20019,120,116
2026-05-15,B,EX2,20:00,273,266,924,20070,116,108
2026-05-15,B,EX2,21:00,270,266,1064,20044,124,118
2026-05-15,B,EX2,21:30,271,266,1072,20019,117,112
2026-05-15,C,EX1,22:20,273,251,0.00 ,20044,200,136
2026-05-15,C,EX1,23:00,275,251,0.00 ,20044,200,127
2026-05-15,C,EX1,24:00,275,251,0.00 ,20019,200,125
2026-05-15,C,EX1,01:00,275,251,0.00 ,20044,200,116
2026-05-15,C,EX1,02:00,275,251,0.00 ,19968,200,120
2026-05-15,C,EX1,03:00,274,251,0.00 ,20044,200,126
2026-05-15,C,EX1,04:00,275,251,0.00 ,20044,200,130
2026-05-15,C,EX1,05:00,274,251,0.00 ,20044,200,138
2026-05-15,C,EX1,05:30,275,251,0.00 ,20070,200,135
2026-05-15,C,EX2,22:00,275,266,1088,20070,131,123
2026-05-15,C,EX2,23:00,278,266,1072,19968,126,119
2026-05-15,C,EX2,24:00,278,266,1104,20044,120,115
2026-05-15,C,EX2,01:00,278,266,1032,20044,117,112
2026-05-15,C,EX2,02:00,278,266,1072,20019,115,110
2026-05-15,C,EX2,03:00,279,266,1072,20070,123,117
2026-05-15,C,EX2,04:00,278,266,1072,20070,133,124
2026-05-15,C,EX2,05:00,278,266,1096,20044,140,130
2026-05-15,C,EX2,05:30,278,266,1048,20019,140,129
2026-05-16,A,EX1,06:10,265,251,0.00 ,19993,200,145
2026-05-16,A,EX1,07:00,274,252,0.00 ,20019,200,139
2026-05-16,A,EX1,08:00,270,251,0.00 ,20044,200,141
2026-05-16,A,EX1,09:00,263,251,0.00 ,20044,200,141
2026-05-16,A,EX1,10:00,265,251,0.00 ,20070,200,130
2026-05-16,A,EX1,11:00,255,251,0.00 ,19968,200,125
2026-05-16,A,EX1,12:00,245,251,0.00 ,20044,200,134
2026-05-16,A,EX1,13:00,275,251,0.00 ,20019,200,126
2026-05-16,A,EX1,13:30,270,251,0.00 ,20070,200,130
2026-05-16,A,EX2,06:10,265,266,1024,20070,150,137
2026-05-16,A,EX2,07:00,274,266,980,20019,149,135
2026-05-16,A,EX2,08:00,270,266,1092,20019,147,135
2026-05-16,A,EX2,09:00,266,266,1132,20019,146,134
2026-05-16,A,EX2,10:00,265,266,1122,19865,133,124
2026-05-16,A,EX2,11:00,278,266,1152,20070,122,117
2026-05-16,A,EX2,12:00,278,266,1044,20019,136,127
2026-05-16,A,EX2,13:00,276,266,1084,20044,131,123
2026-05-16,A,EX2,13:30,276,266,1108,20019,135,126
2026-05-16,B,EX1,14:20,266,251,0.00 ,20070,200,125
2026-05-16,B,EX1,15:00,268,251,0.00 ,20070,200,131
2026-05-16,B,EX1,16:00,245,252,0.00 ,20070,200,147
2026-05-16,B,EX1,17:00,270,252,0.00 ,19996,200,118
2026-05-16,B,EX1,18:00,265,252,0.00 ,19968,200,109
2026-05-16,B,EX1,19:00,256,251,0.00 ,20070,200,127
2026-05-16,B,EX1,20:00,265,251,0.00 ,20019,200,114
2026-05-16,B,EX1,21:00,264,251,0.00 ,20019,200,121
2026-05-16,B,EX1,21:30,266,251,0.00 ,20044,200,131
2026-05-16,B,EX2,14:20,272,266,1052,19968,130,122
2026-05-16,B,EX2,15:00,274,266,1060,20070,128,122
2026-05-16,B,EX2,16:00,258,266,1124,19328,147,137
2026-05-16,B,EX2,17:00,275,266,1072,20044,112,109
2026-05-16,B,EX2,18:00,273,266,1080,19814,102,101
2026-05-16,B,EX2,19:00,272,266,1040,19968,134,124
2026-05-16,B,EX2,20:00,275,266,1056,20070,112,107
2026-05-16,B,EX2,21:00,273,266,1048,20044,124,117
2026-05-16,B,EX2,21:30,274,266,1064,20044,134,125
2026-05-16,C,EX1,22:20,270,252,0.00 ,20044,200,131
2026-05-16,C,EX1,23:00,275,251,0.00 ,20019,200,144
2026-05-16,C,EX1,24:00,274,251,0.00 ,20044,200,144
2026-05-16,C,EX1,01:00,256,251,0.00 ,20019,200,138
2026-05-16,C,EX1,02:00,275,251,0.00 ,20019,200,127
2026-05-16,C,EX1,03:00,275,251,0.00 ,20070,200,113
2026-05-16,C,EX1,04:00,275,251,0.00 ,20070,200,125
2026-05-16,C,EX1,05:00,275,251,0.00 ,20044,200,119
2026-05-16,C,EX1,05:30,275,251,0.00 ,20044,200,118
2026-05-16,C,EX2,22:20,270,266,1096,20044,133,124
2026-05-16,C,EX2,23:00,278,266,1136,20044,146,135
2026-05-16,C,EX2,24:00,277,266,1104,20019,149,137
2026-05-16,C,EX2,01:00,260,266,908,20019,151,137
2026-05-16,C,EX2,02:00,279,266,1088,20044,116,113
2026-05-16,C,EX2,03:00,277,266,1048,20044,113,108
2026-05-16,C,EX2,04:00,278,266,1080,20070,116,111
2026-05-16,C,EX2,05:00,279,266,1104,20070,117,111
2026-05-16,C,EX2,05:30,278,266,1104,20044,119,113
2026-05-17,A,EX1,06:20,265,251,0.00 ,20070,200,116
2026-05-17,A,EX1,07:00,263,252,0.00 ,20019,200,128
2026-05-17,A,EX1,08:00,268,251,0.00 ,19968,200,117
2026-05-17,A,EX1,09:00,269,251,0.00 ,20019,200,115
2026-05-17,A,EX1,10:00,267,251,0.00 ,20044,200,117
2026-05-17,A,EX1,11:00,258,251,0.00 ,20070,200,126
2026-05-17,A,EX1,12:00,268,251,0.00 ,20019,200,130
2026-05-17,A,EX1,13:00,267,251,0.00 ,19993,200,116
2026-05-17,A,EX1,13:30,269,251,0.00 ,19968,200,111
2026-05-17,A,EX2,06:20,270,266,1040,20070,117,111
2026-05-17,A,EX2,07:00,272,266,1020,20044,131,122
2026-05-17,A,EX2,08:00,275,266,1072,20019,114,110
2026-05-17,A,EX2,09:00,276,266,1080,19840,115,110
2026-05-17,A,EX2,10:00,274,266,1104,19916,110,107
2026-05-17,A,EX2,11:00,261,266,970,20044,143,128
2026-05-17,A,EX2,12:00,275,266,1092,20044,128,121
2026-05-17,A,EX2,13:00,276,266,1156,20019,108,106
2026-05-17,A,EX2,13:30,277,266,1096,19788,107,105
2026-05-17,B,EX1,14:20,276,251,0.00 ,20070,200,122
2026-05-17,B,EX1,15:00,265,251,0.00 ,20070,200,130
2026-05-17,B,EX1,16:00,275,251,0.00 ,20070,200,121
2026-05-17,B,EX1,17:00,275,252,0.00 ,20070,200,124
2026-05-17,B,EX1,18:00,273,251,0.00 ,20019,200,134
2026-05-17,B,EX1,19:00,272,251,0.00 ,20019,200,128
2026-05-17,B,EX1,20:00,277,251,0.00 ,20019,200,124
2026-05-17,B,EX1,21:00,277,251,0.00 ,20019,200,120
2026-05-17,B,EX1,21:30,277,252,0.00 ,20070,200,114
2026-05-17,B,EX2,14:20,276,266,1144,19968,122,116
2026-05-17,B,EX2,15:00,275,266,1136,20044,130,123
2026-05-17,B,EX2,16:00,278,266,1180,19788,118,113
2026-05-17,B,EX2,17:00,278,266,1120,20044,127,120
2026-05-17,B,EX2,18:00,276,266,1160,20044,134,126
2026-05-17,B,EX2,19:00,275,266,1120,20019,126,120
2026-05-17,B,EX2,20:00,278,266,1112,20019,118,113
2026-05-17,B,EX2,21:00,278,266,1136,20070,118,113
2026-05-17,B,EX2,21:30,278,266,1128,20044,110,107
2026-05-17,C,EX1,22:10,265,251,0.00 ,20044,200,121
2026-05-17,C,EX1,23:00,268,251,0.00 ,20044,200,124
2026-05-17,C,EX1,24:00,260,251,0.00 ,20019,200,131
2026-05-17,C,EX1,01:00,268,252,0.00 ,20019,200,126
2026-05-17,C,EX1,02:00,270,252,0.00 ,20019,200,129
2026-05-17,C,EX1,03:00,270,251,0.00 ,20070,200,128
2026-05-17,C,EX1,04:00,272,251,0.00 ,20070,200,123
2026-05-17,C,EX1,05:00,273,252,0.00 ,20070,200,119
2026-05-17,C,EX1,05:30,279,251,0.00 ,20019,200,113
2026-05-17,C,EX2,22:10,275,266,1104,20044,125,118
2026-05-17,C,EX2,23:00,272,266,1080,20044,126,118
2026-05-17,C,EX2,24:00,275,266,1109,19993,134,125
2026-05-17,C,EX2,01:00,272,266,1080,19993,128,120
2026-05-17,C,EX2,02:00,272,266,1072,19993,130,122
2026-05-17,C,EX2,03:00,272,266,1120,20070,122,115
2026-05-17,C,EX2,04:00,274,266,1104,20019,126,119
2026-05-17,C,EX2,05:00,276,266,1144,20019,115,111
2026-05-17,C,EX2,05:30,278,266,1120,20044,107,105
2026-05-18,A,EX1,06:20,265,251,0.00 ,20070,200,117
2026-05-18,A,EX1,07:00,263,251,0.00 ,19968,200,123
2026-05-18,A,EX1,08:00,270,251,0.00 ,20019,200,125
2026-05-18,A,EX1,09:00,276,251,0.00 ,20044,200,120
2026-05-18,A,EX1,10:00,274,251,0.00 ,20044,200,129
2026-05-18,A,EX1,11:00,272,251,0.00 ,20019,200,138
2026-05-18,A,EX1,12:00,273,251,0.00 ,20019,200,144
2026-05-18,A,EX1,13:00,272,251,0.00 ,20044,200,142
2026-05-18,A,EX1,13:30,271,251,0.00 ,20019,200,144
2026-05-18,A,EX2,06:20,274,266,1072,20044,109,107
2026-05-18,A,EX2,07:00,276,266,1088,20044,118,114
2026-05-18,A,EX2,08:00,275,266,1072,19960,128,120
2026-05-18,A,EX2,09:00,272,266,1048,20044,122,115
2026-05-18,A,EX2,10:00,274,266,1108,20070,134,125
2026-05-18,A,EX2,11:00,273,266,1108,20044,141,131
2026-05-18,A,EX2,12:00,276,266,1072,19968,146,135
2026-05-18,A,EX2,13:00,272,266,1076,20019,148,136
2026-05-18,A,EX2,13:30,274,266,1088,20070,151,138
2026-05-18,B,EX1,14:20,265,251,0.00 ,19968,200,140
2026-05-18,B,EX1,15:00,275,252,0.00 ,19968,200,136
2026-05-18,B,EX1,16:00,260,251,0.00 ,19993,200,147
2026-05-18,B,EX1,17:00,260,251,0.00 ,20019,200,149
2026-05-18,B,EX1,18:00,260,251,0.00 ,20070,200,138
2026-05-18,B,EX1,19:00,265,251,0.00 ,20044,200,132
2026-05-18,B,EX1,20:00,265,251,0.00 ,20070,200,142
2026-05-18,B,EX1,21:00,265,251,0.00 ,20019,200,122
2026-05-18,B,EX1,21:30,265,251,0.00 ,20070,200,118
2026-05-18,B,EX2,14:20,272,266,1148,20019,145,133
2026-05-18,B,EX2,15:00,278,266,1108,20070,134,126
2026-05-18,B,EX2,16:00,278,266,1144,20070,150,139
2026-05-18,B,EX2,17:00,278,266,1072,20044,162,146
2026-05-18,B,EX2,18:00,277,266,1120,20044,135,127
2026-05-18,B,EX2,19:00,278,266,1088,20019,134,125
2026-05-18,B,EX2,20:00,278,266,1120,20019,144,133
2026-05-18,B,EX2,21:00,278,266,1120,20019,114,111
2026-05-18,B,EX2,21:30,278,266,1056,20019,114,109
2026-05-18,C,EX1,22:05,253,251,0.00 ,20070,200,124
2026-05-18,C,EX1,23:00,256,252,0.00 ,20070,200,125
2026-05-18,C,EX1,24:00,269,252,0.00 ,20019,200,138
2026-05-18,C,EX1,01:00,265,251,0.00 ,19668,200,136
2026-05-18,C,EX1,02:00,263,251,0.00 ,20044,200,147
2026-05-18,C,EX1,03:00,269,251,0.00 ,20019,200,139
2026-05-18,C,EX1,04:00,268,252,0.00 ,20044,200,141
2026-05-18,C,EX1,05:00,266,252,0.00 ,20070,200,149
2026-05-18,C,EX1,05:30,264,252,0.00 ,19993,200,157
2026-05-18,C,EX2,22:05,276,266,1024,19968,129,121
2026-05-18,C,EX2,23:00,276,266,952,20019,127,119
2026-05-18,C,EX2,24:00,280,266,1072,20019,135,127
2026-05-18,C,EX2,01:00,280,266,1012,20070,141,130
2026-05-18,C,EX2,02:00,278,266,1056,19993,153,140
2026-05-18,C,EX2,03:00,278,266,1072,20044,142,131
2026-05-18,C,EX2,04:00,278,266,1008,19968,155,140
2026-05-18,C,EX2,05:00,276,266,1048,20019,156,141
2026-05-18,C,EX2,05:30,277,266,1064,20070,156,142
2026-05-19,A,EX1,06:20,264,251,0.00 ,20044,200,143
2026-05-19,A,EX1,07:00,266,251,0.00 ,20044,200,141
2026-05-19,A,EX1,08:00,270,251,0.00 ,20044,200,132
2026-05-19,A,EX1,09:00,268,251,0.00 ,20019,200,132
2026-05-19,A,EX1,10:00,271,251,0.00 ,20044,200,123
2026-05-19,A,EX1,11:00,272,251,0.00 ,20044,200,137
2026-05-19,A,EX1,12:00,272,251,0.00 ,20019,200,124
2026-05-19,A,EX1,13:00,270,251,0.00 ,20044,200,133
2026-05-19,A,EX1,13:30,270,251,0.00 ,20019,200,133
2026-05-19,A,EX2,06:20,273,266,1088,20070,144,134
2026-05-19,A,EX2,07:00,270,266,1040,19968,155,140
2026-05-19,A,EX2,08:00,270,266,1096,20019,130,122
2026-05-19,A,EX2,09:00,273,266,1088,19993,129,122
2026-05-19,A,EX2,10:00,272,266,1080,20019,125,118
2026-05-19,A,EX2,11:00,275,266,1124,20044,127,123
2026-05-19,A,EX2,12:00,271,266,1108,20044,120,115
2026-05-19,A,EX2,13:00,272,266,1076,20019,136,127
2026-05-19,A,EX2,13:30,270,266,1096,20044,132,124
2026-05-19,B,EX1,14:20,267,251,0.00 ,20044,200,134
2026-05-19,B,EX1,15:00,273,251,0.00 ,20070,200,138
2026-05-19,B,EX1,16:00,232,251,0.00 ,20044,200,134
2026-05-19,B,EX1,17:00,260,251,0.00 ,20070,200,155
2026-05-19,B,EX1,18:00,261,251,0.00 ,20044,200,132
2026-05-19,B,EX1,19:00,230,251,0.00 ,20044,200,137
2026-05-19,B,EX1,20:00,260,251,0.00 ,20019,200,143
2026-05-19,B,EX1,21:00,265,251,0.00 ,20044,200,125
2026-05-19,B,EX1,21:30,260,251,0.00 ,20019,200,123
2026-05-19,B,EX2,14:20,270,266,1104,19968,134,125
2026-05-19,B,EX2,15:00,276,266,1108,20019,141,131
2026-05-19,B,EX2,16:00,222,266,712,17382,142,130
2026-05-19,B,EX2,17:00,270,266,1132,20044,146,135
2026-05-19,B,EX2,18:00,275,266,1072,20019,133,125
2026-05-19,B,EX2,19:00,230,266,856,18867,141,130
2026-05-19,B,EX2,20:00,277,266,1020,20044,137,128
2026-05-19,B,EX2,21:00,275,266,1072,20044,121,115
2026-05-19,B,EX2,21:30,275,266,1104,20044,116,111
2026-05-19,C,EX1,22:00,198,252,0.00 ,20070,200,147
2026-05-19,C,EX1,23:00,225,252,0.00 ,20019,200,125
2026-05-19,C,EX1,24:00,233,252,0.00 ,20044,200,154
2026-05-19,C,EX1,01:00,255,252,0.00 ,19993,200,148
2026-05-19,C,EX1,02:00,260,252,0.00 ,19993,200,139
2026-05-19,C,EX1,03:00,245,251,0.00 ,19993,200,137
2026-05-19,C,EX1,04:00,245,252,0.00 ,20044,200,133
2026-05-19,C,EX1,05:00,240,252,0.00 ,20044,200,124
2026-05-19,C,EX1,05:30,240,252,0.00 ,20070,200,128
2026-05-19,C,EX2,22:05,214,266,636,16140,145,135
2026-05-19,C,EX2,23:00,276,266,996,19993,124,117
2026-05-19,C,EX2,24:00,278,266,964,20019,175,152
2026-05-19,C,EX2,01:00,279,266,1080,20070,150,138
2026-05-19,C,EX2,02:00,279,266,1076,20019,141,130
2026-05-19,C,EX2,03:00,277,266,1000,20070,144,132
2026-05-19,C,EX2,04:00,280,266,1040,20019,131,123
2026-05-19,C,EX2,05:00,277,266,960,20044,125,117
2026-05-19,C,EX2,05:30,279,266,988,20070,133,123
2026-05-20,A,EX1,06:20,266,252,0.00 ,20070,200,129
2026-05-20,A,EX1,07:00,266,252,0.00 ,20070,200,129
2026-05-20,A,EX1,08:00,260,251,0.00 ,20070,200,144
2026-05-20,A,EX1,09:00,266,251,0.00 ,20070,200,125
2026-05-20,A,EX1,10:00,268,251,0.00 ,20019,200,137
2026-05-20,A,EX1,11:00,270,251,0.00 ,20044,200,139
2026-05-20,A,EX1,12:00,265,251,0.00 ,20070,200,142
2026-05-20,A,EX1,13:00,266,251,0.00 ,20019,200,156
2026-05-20,A,EX1,13:30,268,251,0.00 ,20044,200,164
2026-05-20,A,EX2,06:20,270,266,1008,20019,132,123
2026-05-20,A,EX2,07:00,270,266,1064,20070,129,121
2026-05-20,A,EX2,08:00,263,266,1016,20044,154,139
2026-05-20,A,EX2,09:00,269,266,1080,20019,123,117
2026-05-20,A,EX2,10:00,267,266,1028,20070,144,132
2026-05-20,A,EX2,11:00,268,266,960,20019,149,136
2026-05-20,A,EX2,12:00,265,266,1024,20044,151,137
2026-05-20,A,EX2,13:00,268,266,1032,20019,166,151
2026-05-20,A,EX2,13:30,268,266,1060,20044,169,153
2026-05-20,B,EX1,14:20,273,251,0.00 ,19968,200,141
2026-05-20,B,EX1,15:00,270,251,0.00 ,20070,200,155
2026-05-20,B,EX1,16:00,225,251,0.00 ,20019,200,164
2026-05-20,B,EX1,17:00,272,251,0.00 ,20044,200,145
2026-05-20,B,EX1,18:00,270,251,0.00 ,20019,200,128
2026-05-20,B,EX1,19:00,272,251,0.00 ,20070,200,123
2026-05-20,B,EX1,20:00,272,251,0.00 ,20044,200,109
2026-05-20,B,EX1,21:00,255,251,0.00 ,20044,200,94
2026-05-20,B,EX1,21:30,268,251,0.00 ,20070,200,90
2026-05-20,B,EX2,14:20,277,266,1120,19968,142,132
2026-05-20,B,EX2,15:00,275,266,1136,20019,162,148
2026-05-20,B,EX2,16:00,230,266,788,20070,178,158
2026-05-20,B,EX2,17:00,277,266,1144,20044,142,133
2026-05-20,B,EX2,18:00,276,266,1112,20070,125,119
2026-05-20,B,EX2,19:00,275,266,1112,20044,122,116
2026-05-20,B,EX2,20:00,277,266,1080,19814,98,98
2026-05-20,B,EX2,21:00,278,266,1088,19737,99,99
2026-05-20,B,EX2,21:30,,,,,,
2026-05-20,C,EX1,22:10,263,252,0.00 ,20019,200,89
2026-05-20,C,EX1,23:00,264,251,0.00 ,20019,200,92
2026-05-20,C,EX1,24:00,264,266,0.00 ,20070,200,103
2026-05-20,C,EX1,01:00,265,266,0.00 ,20044,200,119
2026-05-20,C,EX1,02:00,265,266,0.00 ,20070,200,151
2026-05-20,C,EX1,03:00,263,266,0.00 ,19993,200,153
2026-05-20,C,EX1,04:00,270,266,0.00 ,20044,200,144
2026-05-20,C,EX1,05:00,271,266,0.00 ,20019,200,148
2026-05-20,C,EX1,05:30,270,266,0.00 ,20019,200,145
2026-05-20,C,EX2,22:20,,,,,,
2026-05-20,C,EX2,23:00,,,,,,
2026-05-20,C,EX2,24:00,,,,,,
2026-05-20,C,EX2,01:20,258,266,872,18867,120,108
2026-05-20,C,EX2,02:00,260,266,1004,20019,154,140
2026-05-20,C,EX2,03:00,269,266,1004,20044,154,140
2026-05-20,C,EX2,04:00,276,266,1020,20070,145,134
2026-05-20,C,EX2,05:00,274,266,968,20044,151,139
2026-05-20,C,EX2,05:30,277,266,948,20044,150,136
2026-05-21,A,EX1,06:20,268,266,0.00 ,20044,200,143
2026-05-21,A,EX1,07:00,270,266,0.00 ,19993,200,132
2026-05-21,A,EX1,08:00,274,266,0.00 ,20044,200,131
2026-05-21,A,EX1,09:00,272,266,0.00 ,19993,200,137
2026-05-21,A,EX1,10:00,274,266,0.00 ,20019,200,137
2026-05-21,A,EX1,11:00,270,266,0.00 ,20019,200,155
2026-05-21,A,EX1,12:00,266,266,0.00 ,20019,200,155
2026-05-21,A,EX1,13:00,274,266,0.00 ,20044,200,137
2026-05-21,A,EX1,13:30,273,266,0.00 ,20019,200,134
2026-05-21,A,EX2,06:20,277,266,1096,20019,138,130
2026-05-21,A,EX2,07:00,274,266,1104,20070,133,124
2026-05-21,A,EX2,08:00,270,266,1080,19968,132,124
2026-05-21,A,EX2,09:00,271,266,1056,20070,139,129
2026-05-21,A,EX2,10:00,270,264,1072,20019,137,128
2026-05-21,A,EX2,11:00,272,266,1060,20019,153,141
2026-05-21,A,EX2,12:00,270,266,1092,20019,154,142
2026-05-21,A,EX2,13:00,277,264,1100,20044,135,127
2026-05-21,A,EX2,13:30,276,266,1104,20044,134,126
2026-05-21,B,EX1,14:20,260,266,0.00 ,20019,200,157
2026-05-21,B,EX1,15:00,265,266,0.00 ,20070,200,152
2026-05-21,B,EX1,16:00,262,266,0.00 ,20070,200,119
2026-05-21,B,EX1,17:00,260,266,0.00 ,20044,200,118
2026-05-21,B,EX1,18:00,266,266,0.00 ,20070,200,111
2026-05-21,B,EX1,19:00,266,266,0.00 ,20070,200,123
2026-05-21,B,EX1,20:00,266,266,0.00 ,20070,200,117
2026-05-21,B,EX1,21:00,270,266,0.00 ,20070,200,105
2026-05-21,B,EX1,21:30,272,266,0.00 ,20044,200,112
2026-05-21,B,EX2,14:20,269,266,1052,20070,154,142
2026-05-21,B,EX2,15:00,270,264,1052,20044,156,143
2026-05-21,B,EX2,16:00,275,264,1120,19865,112,109
2026-05-21,B,EX2,17:00,276,264,1072,20044,117,112
2026-05-21,B,EX2,18:00,275,264,1088,20070,104,103
2026-05-21,B,EX2,19:00,275,264,1104,20070,129,121
2026-05-21,B,EX2,20:00,277,264,1080,20044,114,110
2026-05-21,B,EX2,21:00,278,264,1088,19814,99,98
2026-05-21,B,EX2,21:30,277,264,1056,20070,112,107
2026-05-21,C,EX1,22:20,270,251,0.00 ,20044,200,126
2026-05-21,C,EX1,23:00,260,251,0.00 ,20070,200,137
2026-05-21,C,EX1,24:00,256,251,0.00 ,20044,200,147
2026-05-21,C,EX1,01:00,263,251,0.00 ,20019,200,143
2026-05-21,C,EX1,02:00,262,251,0.00 ,20070,200,136
2026-05-21,C,EX1,03:00,260,252,0.00 ,19968,200,136
2026-05-21,C,EX1,04:00,260,252,0.00 ,19968,200,136
2026-05-21,C,EX1,05:00,260,252,0.00 ,19993,200,140
2026-05-21,C,EX1,05:30,260,252,0.00 ,20070,200,138
2026-05-21,C,EX2,22:20,279,264,1064,19968,123,116
2026-05-21,C,EX2,23:00,278,264,1024,19993,141,130
2026-05-21,C,EX2,24:00,278,266,1048,20044,150,138
2026-05-21,C,EX2,01:00,279,266,1032,20070,144,133
2026-05-21,C,EX2,02:00,281,264,1056,20044,138,128
2026-05-21,C,EX2,03:00,278,264,1008,20019,139,128
2026-05-21,C,EX2,04:00,278,264,1032,19968,134,126
2026-05-21,C,EX2,05:00,278,264,1024,19993,138,129
2026-05-21,C,EX2,05:30,278,264,1032,20019,138,128
x,,,,,,,,,
